claim_id,domain,proposed_claim,rejected_claim,exact_construct_observed,analytical_unit,source_datasets,relevant_cohort,study_design,methods_actually_used,key_evidence_result,robustness_evidence,missingness_coverage,uncertainty,main_bias_risks,ecological_temporal_limitation,support_category,confidence_in_category,permitted_wording,prohibited_wording,additional_data_needed,linked_table_figure,source_lineage,construct_evidence_link,construct_evidence_token,metadata_assignment_method,primary_claim_domain,analytical_evidence_role,claim_evidence_disposition,rejected_claim_evidence_disposition
A01,Recorded activity and profiles,National OCS–GPAD profiles exist.,,Fixed three-profile membership derived from 14 annual OCS and GPAD features.,GP practice,"OCS and GPAD, April 2025 to March 2026","6,067 practices with complete 12-month primary features",Cross-sectional unsupervised clustering with frozen assignments,K-Means clustering; frozen assignment reconciliation,"6,067 practices were assigned once to three profiles: 1,753, 2,312 and 2,002.","Algorithm, feature, CBT-cohort and temporal analyses were retained as separate sensitivities.","All 6,067 primary practices have one assignment; source absence was not converted to activity.","Silhouette, aligned K-Means/GMM disagreement and caution flags quantify assignment uncertainty.","Recorded activity may reflect submission, configuration and coding differences.",Annual practice-level structure does not identify patient journeys or causal mechanisms.,DESCRIPTIVELY_SUPPORTED,HIGH,Three national practice-level recorded-activity profiles were identified.,The profiles are performance tiers or direct measures of access quality.,No additional data are required for the bounded descriptive statement.,external_interpretation/01_frozen_inputs/national_profiles/national_practice_profile_master_ods_enriched.csv; external_interpretation/01_frozen_inputs/national_profiles/primary_practice_access_clustering_matrix.csv; external_interpretation/08_evidence_readiness/final_results_robustness_summary.csv,Primary matrix → frozen K-Means assignments → ODS-enriched profile master.,external_interpretation/01_frozen_inputs/national_profiles/national_practice_profile_master_ods_enriched.csv,national_profile_cluster,EXPLICIT_CLAIM_SPECIFIC,ACCESS,PROFILE_STRUCTURE,SUPPORTED_WITH_STATED_BOUNDARY,NOT_APPLICABLE
A02,Recorded activity and profiles,Profiles are sufficiently stable for cautious descriptive use.,,"Assignment uncertainty across silhouette, GMM posterior evidence and resampling.",GP practice,Frozen OCS–GPAD profiles and uncertainty diagnostics,"6,067 practices",Post-clustering uncertainty and robustness assessment,"Silhouette, GMM posterior, algorithm disagreement and temporal resampling","1,966 practices (32.4%) carry an interpretive-caution flag.","Half-year reference ARIs were high, while cross-period and algorithm differences remained material.","Uncertainty is available for all 6,067 practices and no uncertain practice was removed.",Multiple complementary assignment diagnostics; not a single probability of truth.,Cluster geometry and algorithm choice influence assignment.,"Stability evidence is annual and practice-level, not proof of enduring latent classes.",PARTIALLY_SUPPORTABLE_WITH_MAJOR_QUALIFICATION,HIGH,The profiles support cautious descriptive use with explicit uncertainty.,"The profiles are definitive, permanent or equally certain for every practice.",Longer longitudinal replication would test persistence beyond the study year.,external_interpretation/01_frozen_inputs/national_profiles/national_practice_profile_master_ods_enriched.csv; external_interpretation/01_frozen_inputs/national_profiles/primary_practice_access_clustering_matrix.csv; external_interpretation/08_evidence_readiness/final_results_robustness_summary.csv,Profile master uncertainty fields plus temporal closure diagnostics.,external_interpretation/01_frozen_inputs/national_profiles/national_practice_profile_master_ods_enriched.csv,interpretive_caution_flag,EXPLICIT_CLAIM_SPECIFIC,ACCESS,ROBUSTNESS,SUPPORTED_WITH_STATED_BOUNDARY,NOT_APPLICABLE
A03,Recorded activity and profiles,Alternative algorithms recover related but non-identical structure.,Alternative algorithms reproduce identical membership,Aligned membership comparison between primary K-Means and spherical GMM.,GP practice,Frozen OCS–GPAD feature matrix and aligned algorithm assignments,"6,067 practices",Deterministic aligned assignment comparison,Aligned K-Means versus spherical-GMM assignment comparison,"1,411 practices (23.3%) differed between aligned K-Means and GMM assignments.",Profile-level interpretation remained related despite non-identical membership.,"All 6,067 practices were compared under both algorithms.",Exact disagreement count and aligned membership comparison.,Alignment can preserve broad interpretation while masking local assignment differences.,One annual feature space does not establish algorithm-independent natural classes.,DESCRIPTIVELY_SUPPORTED,HIGH,Alternative algorithms recovered related but non-identical structure.,Alternative algorithms reproduced identical membership.,No additional longitudinal data are required to decide whether these observed assignments were identical.,external_interpretation/01_frozen_inputs/national_profiles/national_practice_profile_master_ods_enriched.csv; external_interpretation/01_frozen_inputs/national_profiles/primary_practice_access_clustering_matrix.csv; external_interpretation/08_evidence_readiness/final_results_robustness_summary.csv,Primary K-Means assignment and aligned spherical-GMM assignment in the frozen profile master.,external_interpretation/01_frozen_inputs/national_profiles/national_practice_profile_master_ods_enriched.csv,kmeans_gmm_aligned_disagreement,EXPLICIT_CLAIM_SPECIFIC,ACCESS,ROBUSTNESS,SUPPORTED_WITH_STATED_BOUNDARY,CONTRADICTED_BY_OBSERVED_ANALYSIS
A04,Recorded activity and profiles,"Feature sensitivity supports a related, non-identical profile interpretation.",,Quarter-1 14-feature versus 12-feature assignment comparison.,GP practice,OCS and GPAD temporal sensitivity evidence,"5,677 quarter-eligible practices",Prespecified feature-set sensitivity,Assignment agreement and adjusted Rand index,Q1 assignment agreement was 91.6% and ARI was 0.761.,Both feature specifications had high within-specification resampling ARI.,Restricted to practices eligible for the quarterly sensitivity.,Agreement and adjusted Rand index quantify consistency.,Feature removal can reassign practices and alter distances.,Quarter-specific sensitivity does not establish invariance across all periods.,PARTIALLY_SUPPORTABLE_WITH_MAJOR_QUALIFICATION,HIGH,The reduced feature set recovered broadly related structure with some reassignment.,Feature choice had no effect on membership.,Replication with future releases would test whether feature sensitivity persists.,external_interpretation/01_frozen_inputs/temporal_evidence/123_task3_closure_gate.json; external_interpretation/08_evidence_readiness/final_results_robustness_summary.csv,Temporal closure gate Q1 14-feature and 12-feature comparison.,external_interpretation/01_frozen_inputs/temporal_evidence/123_task3_closure_gate.json,q1_full_data_14_vs_12_ari,EXPLICIT_CLAIM_SPECIFIC,ACCESS,ROBUSTNESS,SUPPORTED_WITH_STATED_BOUNDARY,NOT_APPLICABLE
A05,Recorded activity and profiles,Temporal robustness supports the annual solution with material within-year variation.,,Half-year and quarterly recurrence of profile structure.,GP practice,Monthly OCS–GPAD temporal master,"5,924 half-year-eligible and 5,677 quarter-eligible practices",Half-year and quarter resampling and assignment comparison,"Temporal resampling, adjusted Rand index and transition summaries",Median reference ARI was 0.960 for H1 and 0.968 for H2; common-sample H1/H2 ARI was 0.464.,One hundred half-year resampling runs and quarterly sensitivity were completed.,Eligibility excludes practices without the required temporal completeness.,"ARI, transition counts and resampling distributions.","Seasonality, reporting changes and changing practice configuration may affect profiles.",One year cannot establish long-run temporal stability.,PARTIALLY_SUPPORTABLE_WITH_MAJOR_QUALIFICATION,HIGH,"The annual profiles recur strongly within half-years, alongside meaningful within-year reassignment.",Every practice retained the same profile throughout the year.,Additional years are required for long-run persistence claims.,external_interpretation/01_frozen_inputs/temporal_evidence/123_task3_closure_gate.json; external_interpretation/08_evidence_readiness/final_results_robustness_summary.csv,Temporal master → half-year and quarterly resampling → closure gate.,external_interpretation/01_frozen_inputs/temporal_evidence/123_task3_closure_gate.json,median_common_sample_h1_h2_ari,EXPLICIT_CLAIM_SPECIFIC,ACCESS,ROBUSTNESS,SUPPORTED_WITH_STATED_BOUNDARY,NOT_APPLICABLE
A06,Recorded activity and profiles,CBT inbound sensitivity produces a related profile structure in submitting practices.,,Assignment change after adding recorded CBT inbound activity indicators.,GP practice,"OCS, GPAD and CBT inbound sensitivity features","3,020 CBT inbound-submitting practices",Restricted-cohort feature-addition sensitivity,Restricted-cohort aligned assignment sensitivity,"571 of 3,020 practices changed aligned assignment after CBT inbound features were added.",The 14-feature restricted-cohort reference and 17-feature CBT model were compared directly.,"Limited to 3,020 submitting practices; non-submission was not coded as zero.",Aligned assignment-change indicator and cohort-specific silhouettes.,Supplier participation and submission coverage may be selective.,Restricted-cohort evidence is not national telephone activity coverage.,PARTIALLY_SUPPORTABLE_WITH_MAJOR_QUALIFICATION,HIGH,Adding CBT inbound indicators altered some assignments within the submitting-practice cohort.,CBT sensitivity represents all English practices or total telephone demand.,Consistent national CBT submission would improve generalisability.,external_interpretation/01_frozen_inputs/national_profiles/national_practice_profile_master_ods_enriched.csv; external_interpretation/08_evidence_readiness/final_results_robustness_summary.csv,CBT cohort eligibility and aligned sensitivity assignments in the frozen profile master.,external_interpretation/01_frozen_inputs/national_profiles/national_practice_profile_master_ods_enriched.csv,cbt_inbound_changed_14_to_17,EXPLICIT_CLAIM_SPECIFIC,ACCESS,ROBUSTNESS,SUPPORTED_WITH_STATED_BOUNDARY,NOT_APPLICABLE
A07,Recorded activity and profiles,CBT outcome-complete sensitivity is composition-dependent within its restricted cohort.,,Assignment change across CBT outcome representations.,GP practice,"OCS, GPAD and complete CBT outcome-composition features","1,456 CBT outcome-complete practices",Restricted-cohort raw-share and ILR composition sensitivity,Restricted-cohort raw-share and ILR assignment sensitivity,"729 practices changed from 17 to raw-21 features, while 52 changed from 17 to ILR-20 features.",Raw-share and ILR representations were compared against the same 17-feature restricted reference.,"Limited to 1,456 outcome-complete practices with valid compositions.",Aligned assignment changes and compositional reconciliation.,Complete outcome reporting is selective and raw shares are compositionally dependent.,Results do not generalise to non-submitting or incomplete practices.,PARTIALLY_SUPPORTABLE_WITH_MAJOR_QUALIFICATION,HIGH,CBT outcome sensitivity depended on feature representation in the complete-outcome cohort.,CBT outcomes produce a unique national profile solution.,More complete CBT outcome reporting would improve generalisability.,external_interpretation/01_frozen_inputs/national_profiles/national_practice_profile_master_ods_enriched.csv; external_interpretation/08_evidence_readiness/final_results_robustness_summary.csv,CBT outcome eligibility and aligned raw-share/ILR assignments in the frozen profile master.,external_interpretation/01_frozen_inputs/national_profiles/national_practice_profile_master_ods_enriched.csv,cbt_outcome_changed_17_to_raw21,EXPLICIT_CLAIM_SPECIFIC,ACCESS,ROBUSTNESS,SUPPORTED_WITH_STATED_BOUNDARY,NOT_APPLICABLE
B01,Access and patient experience,OCS activity represents visible online-route activity.,,"Recorded OCS submissions and their clinical, administrative and residual composition.",GP practice,Online Consultation Systems activity,"6,067 practices in the primary 12-month profile matrix",Descriptive annual feature construction,Validated annual feature construction and descriptive profile use,OCS activity and composition contribute directly to the 14-feature primary matrix.,Feature-set and temporal sensitivities assess the profile role of OCS measures.,Twelve-month eligibility is required; absence was not interpreted as zero activity.,Assignment uncertainty is reported separately; no HC3 or WLS model was used for this claim.,"Supplier submission, coding and participation differences.","Recorded submissions are not total demand, resolution or patient-level access.",DESCRIPTIVELY_SUPPORTED,HIGH,OCS measures visible recorded online-route activity.,"OCS submissions equal total demand, successful access or resolved need.",Request-level linkage would be required for resolution and journey claims.,external_interpretation/01_frozen_inputs/national_profiles/primary_practice_access_clustering_matrix.csv; external_interpretation/01_frozen_inputs/national_profiles/national_practice_profile_master_ods_enriched.csv,Official OCS source → validated 12-month OCS features → primary matrix.,external_interpretation/01_frozen_inputs/national_profiles/primary_practice_access_clustering_matrix.csv,ocs_submissions_per_1000_patient_months,EXPLICIT_CLAIM_SPECIFIC,ACCESS,PROFILE_STRUCTURE,SUPPORTED_WITH_STATED_BOUNDARY,NOT_APPLICABLE
B02,Access and patient experience,GPAD represents recorded appointment activity and configuration.,,"Recorded appointment rate, mode, DNA and mutually exclusive booking-delay shares.",GP practice,Appointments in General Practice,"6,067 practices in the primary 12-month profile matrix",Descriptive annual feature construction,Validated annual feature construction and descriptive profile use,GPAD appointment activity and configuration contribute directly to the 14-feature primary matrix.,"Booking-delay, feature-set and temporal checks retain mutually exclusive bands.",Twelve-month eligibility is required; unknown booking intervals remain outside the displayed shares.,Assignment uncertainty is reported separately; no HC3 or WLS model was used for this claim.,Appointment-system recording and configuration differ between practices.,"Recorded appointments are not all demand, first-contact delay or resolution.",DESCRIPTIVELY_SUPPORTED,HIGH,GPAD measures recorded appointment activity and configuration.,GPAD measures total demand or time from first request to resolution.,Linked request and appointment journeys would be required for end-to-end access claims.,external_interpretation/01_frozen_inputs/national_profiles/primary_practice_access_clustering_matrix.csv; external_interpretation/01_frozen_inputs/national_profiles/national_practice_profile_master_ods_enriched.csv,Official GPAD source → validated mutually exclusive annual features → primary matrix.,external_interpretation/01_frozen_inputs/national_profiles/primary_practice_access_clustering_matrix.csv,gpad_1_day_share,EXPLICIT_CLAIM_SPECIFIC,ACCESS,PROFILE_STRUCTURE,SUPPORTED_WITH_STATED_BOUNDARY,NOT_APPLICABLE
B03,Access and patient experience,CBT provides recorded telephone-route activity indicators among submitting practices.,,Recorded inbound and outcome-related CBT indicators under supplier and completeness restrictions.,GP practice,Cloud Based Telephony activity,"3,020 inbound-submitting and 1,456 outcome-complete practices",Restricted-cohort descriptive sensitivity analysis,Restricted-cohort descriptive sensitivity; no GPPS regression,"CBT indicators changed 571 inbound-cohort assignments; outcome sensitivities were evaluated in 1,456 practices.","Inbound, raw-outcome and ILR sensitivities were retained separately.",Supplier submission is incomplete; missing activity was not zero-filled.,"Cohort counts, aligned assignment changes and composition checks; no HC3 or WLS model was used.","Supplier coverage, selective submission and outcome completeness.","Indicators do not measure national telephone demand, pressure or unmet need.",PARTIALLY_SUPPORTABLE_WITH_MAJOR_QUALIFICATION,HIGH,CBT provides recorded telephone-route activity indicators among submitting practices.,CBT measures total telephone pressure or represents all practices.,Consistent national submission plus call-journey linkage would support stronger claims.,external_interpretation/01_frozen_inputs/national_profiles/national_practice_profile_master_ods_enriched.csv; external_interpretation/08_evidence_readiness/final_results_robustness_summary.csv,CBT submission eligibility → restricted feature sensitivities → frozen profile master.,external_interpretation/01_frozen_inputs/national_profiles/national_practice_profile_master_ods_enriched.csv,in_cbt_inbound_restricted_cohort,EXPLICIT_CLAIM_SPECIFIC,ACCESS,PROFILE_STRUCTURE,SUPPORTED_WITH_STATED_BOUNDARY,NOT_APPLICABLE
B04,Access and patient experience,Profiles differ in overall practice experience.,,Overall practice experience rated good,GP practice,GP Patient Survey 2026 practice estimates linked to frozen profiles,"6,066 practices with a valid measure",Cross-sectional practice-level descriptive comparison and unadjusted OLS with HC3 uncertainty,Kruskal-Wallis effect-size description; unadjusted OLS HC3; prespecified sensitivities,Overall-experience differences were small in rank-based effect-size terms.,Base-at-least-30 and context-adjusted sensitivities were run; inverse-variance WLS is diagnostic-only.,Measure-specific validity and evaluated-base restrictions are retained.,HC3 confidence intervals for primary contrasts; bootstrap intervals for medians; multiplicity-adjusted p-values.,"Survey non-response, residual confounding and differing observation windows.",Practice-level association does not establish patient-level experience change or causality.,ASSOCIATIVELY_EXAMINABLE,HIGH,Profiles were associated with differences in practice-level overall-experience estimates.,The profile caused better or worse patient experience.,Longitudinal patient-level linkage and a causal design are required for improvement claims.,external_interpretation/06_external_profile_analysis/numeric_profile_descriptive_summary.csv; external_interpretation/06_external_profile_analysis/gpps_unadjusted_models.csv; external_interpretation/06_external_profile_analysis/gpps_adjusted_sensitivity_models.csv; external_interpretation/06_external_profile_analysis/gpps_base30_sensitivity_models.csv; external_interpretation/06_external_profile_analysis/closure_repair/gpps_primary_outcomes_by_profile_revised.png,GPPS practice estimates → validity contract → profile summaries and HC3 contrasts.,external_interpretation/06_external_profile_analysis/numeric_profile_descriptive_summary.csv,gpps_overall_practice_experience_good_pct,EXPLICIT_CLAIM_SPECIFIC,PATIENT_EXPERIENCE,EXTERNAL_OUTCOME,SUPPORTED_WITH_STATED_BOUNDARY,NOT_APPLICABLE
B05,Access and patient experience,Profiles differ in contact experience.,,Experience of contacting the practice rated good,GP practice,GP Patient Survey 2026 practice estimates linked to frozen profiles,"6,066 practices with a valid measure",Cross-sectional practice-level descriptive comparison and unadjusted OLS with HC3 uncertainty,Kruskal-Wallis effect-size description; unadjusted OLS HC3; prespecified sensitivities,Contact-experience differences were small in rank-based effect-size terms.,Base-at-least-30 and context-adjusted sensitivities were run; inverse-variance WLS is diagnostic-only.,Measure-specific validity and evaluated-base restrictions are retained.,HC3 confidence intervals for primary contrasts; bootstrap intervals for medians; multiplicity-adjusted p-values.,"Survey non-response, residual confounding and differing observation windows.",Practice-level association does not establish patient-level experience change or causality.,ASSOCIATIVELY_EXAMINABLE,HIGH,Profiles were associated with differences in practice-level contact-experience estimates.,The profile caused better or worse patient experience.,Longitudinal patient-level linkage and a causal design are required for improvement claims.,external_interpretation/06_external_profile_analysis/numeric_profile_descriptive_summary.csv; external_interpretation/06_external_profile_analysis/gpps_unadjusted_models.csv; external_interpretation/06_external_profile_analysis/gpps_adjusted_sensitivity_models.csv; external_interpretation/06_external_profile_analysis/gpps_base30_sensitivity_models.csv; external_interpretation/06_external_profile_analysis/closure_repair/gpps_primary_outcomes_by_profile_revised.png,GPPS practice estimates → validity contract → profile summaries and HC3 contrasts.,external_interpretation/06_external_profile_analysis/numeric_profile_descriptive_summary.csv,gpps_contact_experience_good_pct,EXPLICIT_CLAIM_SPECIFIC,PATIENT_EXPERIENCE,EXTERNAL_OUTCOME,SUPPORTED_WITH_STATED_BOUNDARY,NOT_APPLICABLE
B06,Access and patient experience,Profiles differ in continuity fulfilment.,,"Preferred-professional continuity fulfilled, interpreted with Q6 preferred-professional prevalence as descriptive context",GP practice,GP Patient Survey 2026 practice estimates linked to frozen profiles,"6,054 practices with a valid measure",Cross-sectional practice-level descriptive comparison and unadjusted OLS with HC3 uncertainty,Kruskal-Wallis effect-size description; unadjusted OLS HC3; prespecified sensitivities,Continuity-fulfilment differences were small and Q6 prevalence was retained as context only.,Base-at-least-30 and context-adjusted sensitivities were run; inverse-variance WLS is diagnostic-only.,Measure-specific validity and evaluated-base restrictions are retained.,HC3 confidence intervals for primary contrasts; bootstrap intervals for medians; multiplicity-adjusted p-values.,"Survey non-response, residual confounding and differing observation windows.",Practice-level association does not establish patient-level experience change or causality.,ASSOCIATIVELY_EXAMINABLE,HIGH,Profiles were associated with differences in practice-level continuity fulfilment; Q6 prevalence is descriptive context.,The profile caused better or worse patient experience.,Longitudinal patient-level linkage and a causal design are required for improvement claims.,external_interpretation/06_external_profile_analysis/numeric_profile_descriptive_summary.csv; external_interpretation/06_external_profile_analysis/gpps_unadjusted_models.csv; external_interpretation/06_external_profile_analysis/gpps_adjusted_sensitivity_models.csv; external_interpretation/06_external_profile_analysis/gpps_base30_sensitivity_models.csv; external_interpretation/06_external_profile_analysis/closure_repair/gpps_primary_outcomes_by_profile_revised.png; external_interpretation/06_external_profile_analysis/closure_repair/gpps_required_descriptive_context_by_profile.csv,GPPS practice estimates → validity contract → profile summaries and HC3 contrasts.,external_interpretation/06_external_profile_analysis/numeric_profile_descriptive_summary.csv,gpps_preferred_professional_continuity_fulfilled_pct,EXPLICIT_CLAIM_SPECIFIC,PATIENT_EXPERIENCE,EXTERNAL_OUTCOME,SUPPORTED_WITH_STATED_BOUNDARY,NOT_APPLICABLE
B07,Access and patient experience,Profiles differ in next-step clarity.,,Reported clarity about the next step,GP practice,GP Patient Survey 2026 practice estimates linked to frozen profiles,"6,066 practices with a valid measure",Cross-sectional practice-level descriptive comparison and unadjusted OLS with HC3 uncertainty,Kruskal-Wallis effect-size description; unadjusted OLS HC3; prespecified sensitivities,Next-step-clarity differences were small in rank-based effect-size terms.,Base-at-least-30 and context-adjusted sensitivities were run; inverse-variance WLS is diagnostic-only.,Measure-specific validity and evaluated-base restrictions are retained.,HC3 confidence intervals for primary contrasts; bootstrap intervals for medians; multiplicity-adjusted p-values.,"Survey non-response, residual confounding and differing observation windows.",Practice-level association does not establish patient-level experience change or causality.,ASSOCIATIVELY_EXAMINABLE,HIGH,Profiles were associated with differences in practice-level next-step clarity.,The profile caused better or worse patient experience.,Longitudinal patient-level linkage and a causal design are required for improvement claims.,external_interpretation/06_external_profile_analysis/numeric_profile_descriptive_summary.csv; external_interpretation/06_external_profile_analysis/gpps_unadjusted_models.csv; external_interpretation/06_external_profile_analysis/gpps_adjusted_sensitivity_models.csv; external_interpretation/06_external_profile_analysis/gpps_base30_sensitivity_models.csv; external_interpretation/06_external_profile_analysis/closure_repair/gpps_primary_outcomes_by_profile_revised.png,GPPS practice estimates → validity contract → profile summaries and HC3 contrasts.,external_interpretation/06_external_profile_analysis/numeric_profile_descriptive_summary.csv,gpps_next_step_clarity_pct,EXPLICIT_CLAIM_SPECIFIC,PATIENT_EXPERIENCE,EXTERNAL_OUTCOME,SUPPORTED_WITH_STATED_BOUNDARY,NOT_APPLICABLE
B08,Access and patient experience,Profiles differ in long-term-condition support.,,Long-term-condition support rated good,GP practice,GP Patient Survey 2026 practice estimates linked to frozen profiles,"6,065 practices with a valid measure",Cross-sectional practice-level descriptive comparison and unadjusted OLS with HC3 uncertainty,Kruskal-Wallis effect-size description; unadjusted OLS HC3; prespecified sensitivities,Long-term-condition-support differences were small in rank-based effect-size terms.,Base-at-least-30 and context-adjusted sensitivities were run; inverse-variance WLS is diagnostic-only.,Measure-specific validity and evaluated-base restrictions are retained.,HC3 confidence intervals for primary contrasts; bootstrap intervals for medians; multiplicity-adjusted p-values.,"Survey non-response, residual confounding and differing observation windows.",Practice-level association does not establish patient-level experience change or causality.,ASSOCIATIVELY_EXAMINABLE,HIGH,Profiles were associated with differences in practice-level long-term-condition support.,The profile caused better or worse patient experience.,Longitudinal patient-level linkage and a causal design are required for improvement claims.,external_interpretation/06_external_profile_analysis/numeric_profile_descriptive_summary.csv; external_interpretation/06_external_profile_analysis/gpps_unadjusted_models.csv; external_interpretation/06_external_profile_analysis/gpps_adjusted_sensitivity_models.csv; external_interpretation/06_external_profile_analysis/gpps_base30_sensitivity_models.csv; external_interpretation/06_external_profile_analysis/closure_repair/gpps_primary_outcomes_by_profile_revised.png,GPPS practice estimates → validity contract → profile summaries and HC3 contrasts.,external_interpretation/06_external_profile_analysis/numeric_profile_descriptive_summary.csv,gpps_long_term_condition_support_good_pct,EXPLICIT_CLAIM_SPECIFIC,PATIENT_EXPERIENCE,EXTERNAL_OUTCOME,SUPPORTED_WITH_STATED_BOUNDARY,NOT_APPLICABLE
B09,Access and patient experience,Unable-to-contact prevalence provides descriptive contact context.,,Practice-level percentage reporting inability to contact the practice.,GP practice,GP Patient Survey 2026,"6,066 practices with valid unable-to-contact context",Descriptive-only practice-level summary,Descriptive medians and bootstrap intervals only,Profile-specific medians and bootstrap intervals were reported without a formal profile test.,Evaluated-base diagnostics and suppression-status distributions were retained.,Two practices were unavailable overall; interval-coded small positives were preserved.,Bootstrap median confidence intervals; no HC3 or WLS model was used.,Survey non-response and interval-coded small percentages.,Descriptive practice context does not identify unmet need or failed individual access.,DESCRIPTIVELY_SUPPORTED,HIGH,Unable-to-contact prevalence provides bounded descriptive context.,Unable-to-contact prevalence measures total unmet need.,Patient-level contact-attempt and outcome linkage is needed for unmet-need claims.,external_interpretation/06_external_profile_analysis/closure_repair/gpps_required_descriptive_context_by_profile.csv; external_interpretation/06_external_profile_analysis/external_analysis_cohort_manifest_corrected.csv,GPPS unable-to-contact estimate → validity rule → descriptive profile summary.,external_interpretation/06_external_profile_analysis/closure_repair/gpps_required_descriptive_context_by_profile.csv,Unable to contact the GP practice,EXPLICIT_CLAIM_SPECIFIC,PATIENT_EXPERIENCE,CONTEXT,SUPPORTED_WITH_STATED_BOUNDARY,NOT_APPLICABLE
B10,Access and patient experience,Q18 describes reported pre-appointment actions.,,Any/none and eight overlapping reported actions before trying to obtain an appointment.,GP practice,GP Patient Survey 2026 Q18,"6,065 primary-valid practices; 6,063 base-at-least-30 sensitivity records",Exploratory descriptive-only practice-level summary,"Descriptive medians, bootstrap intervals and complement validation only",Ten Q18 measures were summarised across three profiles; overlapping options were not summed.,Any/none complement reconciled exactly and official component definitions were retained.,Two practices were missing; interval-coded small positives were preserved.,"Bootstrap median intervals; no HC3, WLS or formal profile test was used.","Multiple-response overlap, survey non-response and interpretation of prior actions.","Actions do not establish unmet need, success, failure, avoidance or resolution.",DESCRIPTIVELY_SUPPORTED,HIGH,Q18 describes reported actions before trying to obtain an appointment.,Q18 actions measure unmet need or resolved demand.,"Patient-level reasons, outcomes and subsequent care are needed for stronger interpretation.",external_interpretation/06_external_profile_analysis/closure_repair/gpps_q18_exploratory_profile_summary.csv; external_interpretation/06_external_profile_analysis/closure_repair/gpps_q18_component_definition_map.csv; external_interpretation/06_external_profile_analysis/closure_repair/gpps_q18_exploratory_figure.png,GPPS Q18 components → complement audit → descriptive profile summary.,external_interpretation/06_external_profile_analysis/closure_repair/gpps_q18_exploratory_profile_summary.csv,EXPLORATORY_Q18_DESCRIPTIVE_ONLY,EXPLICIT_CLAIM_SPECIFIC,PATIENT_EXPERIENCE,CONTEXT,SUPPORTED_WITH_STATED_BOUNDARY,NOT_APPLICABLE
C01,Context,Profiles differ by registered-list size.,,Registered list size,GP practice,"Registered population, workforce, IMD 2025 and rurality context as applicable","6,067 descriptively; 5,774 in the complete primary MNLogit cohort",Cross-sectional profile comparison plus robust-covariance multinomial logistic association,Kruskal-Wallis/Dunn effect sizes; robust-covariance MNLogit and average marginal effects,Log registered list size was included in the primary MNLogit model.,Five prespecified MNLogit sensitivities retained 10/10 coefficient directions with stated cohort and separation qualifications.,Construct-specific source coverage is reported; three unknown-supplier practices were excluded in Sensitivity E.,Rank effect sizes with bootstrap intervals; robust MNLogit standard errors and marginal-effect confidence intervals.,"Residual confounding, measurement timing differences and model specification.",Practice-level ecological association is not an individual-level or causal effect.,ASSOCIATIVELY_EXAMINABLE,HIGH,Registered-list size was associated with profile membership.,The contextual characteristic caused profile membership or individual access outcomes.,Longitudinal multilevel or quasi-experimental data are required for causal interpretation.,external_interpretation/06_external_profile_analysis/numeric_profile_descriptive_summary.csv; external_interpretation/06_external_profile_analysis/numeric_profile_omnibus_tests.csv; external_interpretation/08_evidence_readiness/prestart_repair/context_multinomial_model_marginal_effects_corrected.csv; external_interpretation/06_external_profile_analysis/closure_repair/primary_context_effect_sizes_revised.png,External context master → validity contract → descriptive tests and primary MNLogit.,external_interpretation/06_external_profile_analysis/numeric_profile_descriptive_summary.csv,registered_list_size_20260301,EXPLICIT_CLAIM_SPECIFIC,ACCESS,CONTEXT,SUPPORTED_WITH_STATED_BOUNDARY,NOT_APPLICABLE
C02,Context,Profiles differ by age composition.,,Registered population aged 65 years and over,GP practice,"Registered population, workforce, IMD 2025 and rurality context as applicable","6,067 descriptively; 5,774 in the complete primary MNLogit cohort",Cross-sectional profile comparison plus robust-covariance multinomial logistic association,Kruskal-Wallis/Dunn effect sizes; robust-covariance MNLogit and average marginal effects,Age composition showed a large omnibus rank effect and was included in MNLogit.,Five prespecified MNLogit sensitivities retained 10/10 coefficient directions with stated cohort and separation qualifications.,Construct-specific source coverage is reported; three unknown-supplier practices were excluded in Sensitivity E.,Rank effect sizes with bootstrap intervals; robust MNLogit standard errors and marginal-effect confidence intervals.,"Residual confounding, measurement timing differences and model specification.",Practice-level ecological association is not an individual-level or causal effect.,ASSOCIATIVELY_EXAMINABLE,HIGH,Registered age composition was associated with profile membership.,The contextual characteristic caused profile membership or individual access outcomes.,Longitudinal multilevel or quasi-experimental data are required for causal interpretation.,external_interpretation/06_external_profile_analysis/numeric_profile_descriptive_summary.csv; external_interpretation/06_external_profile_analysis/numeric_profile_omnibus_tests.csv; external_interpretation/08_evidence_readiness/prestart_repair/context_multinomial_model_marginal_effects_corrected.csv; external_interpretation/06_external_profile_analysis/closure_repair/primary_context_effect_sizes_revised.png,External context master → validity contract → descriptive tests and primary MNLogit.,external_interpretation/06_external_profile_analysis/numeric_profile_descriptive_summary.csv,registered_population_age_65_plus_pct,EXPLICIT_CLAIM_SPECIFIC,EQUITY,CONTEXT,SUPPORTED_WITH_STATED_BOUNDARY,NOT_APPLICABLE
C03,Context,Profiles differ by GP workforce capacity.,,"Fully qualified GP FTE per 10,000 registered patients",GP practice,"Registered population, workforce, IMD 2025 and rurality context as applicable","5,801 descriptively; 5,774 in the complete primary MNLogit cohort",Cross-sectional profile comparison plus robust-covariance multinomial logistic association,Kruskal-Wallis/Dunn effect sizes; robust-covariance MNLogit and average marginal effects,GP workforce capacity was included in the primary MNLogit model.,Five prespecified MNLogit sensitivities retained 10/10 coefficient directions with stated cohort and separation qualifications.,Construct-specific source coverage is reported; three unknown-supplier practices were excluded in Sensitivity E.,Rank effect sizes with bootstrap intervals; robust MNLogit standard errors and marginal-effect confidence intervals.,"Residual confounding, measurement timing differences and model specification.",Practice-level ecological association is not an individual-level or causal effect.,ASSOCIATIVELY_EXAMINABLE,HIGH,GP workforce capacity was associated with profile membership.,The contextual characteristic caused profile membership or individual access outcomes.,Longitudinal multilevel or quasi-experimental data are required for causal interpretation.,external_interpretation/06_external_profile_analysis/numeric_profile_descriptive_summary.csv; external_interpretation/06_external_profile_analysis/numeric_profile_omnibus_tests.csv; external_interpretation/08_evidence_readiness/prestart_repair/context_multinomial_model_marginal_effects_corrected.csv; external_interpretation/06_external_profile_analysis/closure_repair/primary_context_effect_sizes_revised.png,External context master → validity contract → descriptive tests and primary MNLogit.,external_interpretation/06_external_profile_analysis/numeric_profile_descriptive_summary.csv,fully_qualified_gp_fte_per_10000,EXPLICIT_CLAIM_SPECIFIC,WORKLOAD,CONTEXT,SUPPORTED_WITH_STATED_BOUNDARY,NOT_APPLICABLE
C04,Context,Profiles differ by non-GP workforce.,,"Direct patient care, nurse and other non-GP workforce capacity measures.",GP practice,NHS workforce context,"Nurse 5,615; direct patient care 5,265; administrative/non-clinical 5,711",Cross-sectional descriptive profile comparison and rank-based omnibus tests,Kruskal-Wallis/Dunn effect sizes and bootstrap descriptive intervals,Non-GP workforce measures were described and tested separately; they were not primary MNLogit predictors.,Bootstrap descriptive intervals and workforce coverage checks were retained.,Workforce source coverage varied by measure and was not zero-filled.,"Rank effect sizes and bootstrap intervals; no HC3, WLS or MNLogit claim for non-GP workforce.","Workforce coding, vacancies, service configuration and timing differences.",Practice-level staffing context does not establish workload or causal access effects.,ASSOCIATIVELY_EXAMINABLE,HIGH,Non-GP workforce capacity differed across profiles in descriptive practice-level comparisons.,Non-GP workforce caused profile membership or reduced workload.,"Longitudinal staffing, workload and activity linkage would support mechanism testing.",external_interpretation/06_external_profile_analysis/numeric_profile_descriptive_summary.csv; external_interpretation/06_external_profile_analysis/numeric_profile_omnibus_tests.csv; external_interpretation/06_external_profile_analysis/closure_repair/workforce_context_by_profile_revised.png,Workforce source → integrated master → descriptive profile comparisons.,external_interpretation/06_external_profile_analysis/numeric_profile_descriptive_summary.csv,direct_patient_care_fte_per_10000,EXPLICIT_CLAIM_SPECIFIC,WORKLOAD,CONTEXT,SUPPORTED_WITH_STATED_BOUNDARY,NOT_APPLICABLE
C05,Context,Profiles differ by deprivation.,,Patient-weighted average IMD 2025 score,GP practice,"Registered population, workforce, IMD 2025 and rurality context as applicable","6,035 descriptively; 5,774 in the complete primary MNLogit cohort",Cross-sectional profile comparison plus robust-covariance multinomial logistic association,Kruskal-Wallis/Dunn effect sizes; robust-covariance MNLogit and average marginal effects,Deprivation was included in the primary MNLogit model.,Five prespecified MNLogit sensitivities retained 10/10 coefficient directions with stated cohort and separation qualifications.,Construct-specific source coverage is reported; three unknown-supplier practices were excluded in Sensitivity E.,Rank effect sizes with bootstrap intervals; robust MNLogit standard errors and marginal-effect confidence intervals.,"Residual confounding, measurement timing differences and model specification.",Practice-level ecological association is not an individual-level or causal effect.,ASSOCIATIVELY_EXAMINABLE,HIGH,Patient-weighted average IMD 2025 score was associated with profile membership.,The contextual characteristic caused profile membership or individual access outcomes.,Longitudinal multilevel or quasi-experimental data are required for causal interpretation.,external_interpretation/06_external_profile_analysis/numeric_profile_descriptive_summary.csv; external_interpretation/06_external_profile_analysis/numeric_profile_omnibus_tests.csv; external_interpretation/08_evidence_readiness/prestart_repair/context_multinomial_model_marginal_effects_corrected.csv; external_interpretation/06_external_profile_analysis/closure_repair/primary_context_effect_sizes_revised.png,External context master → validity contract → descriptive tests and primary MNLogit.,external_interpretation/06_external_profile_analysis/numeric_profile_descriptive_summary.csv,patient_weighted_average_imd2025_score,EXPLICIT_CLAIM_SPECIFIC,EQUITY,CONTEXT,SUPPORTED_WITH_STATED_BOUNDARY,NOT_APPLICABLE
C06,Context,Profiles differ by rurality.,,Patient-weighted rural share,GP practice,"Registered population, workforce, IMD 2025 and rurality context as applicable","6,051 descriptively; 5,774 in the complete primary MNLogit cohort",Cross-sectional profile comparison plus robust-covariance multinomial logistic association,Kruskal-Wallis/Dunn effect sizes; robust-covariance MNLogit and average marginal effects,Rurality was included in the primary MNLogit model.,Five prespecified MNLogit sensitivities retained 10/10 coefficient directions with stated cohort and separation qualifications.,Construct-specific source coverage is reported; three unknown-supplier practices were excluded in Sensitivity E.,Rank effect sizes with bootstrap intervals; robust MNLogit standard errors and marginal-effect confidence intervals.,"Residual confounding, measurement timing differences and model specification.",Practice-level ecological association is not an individual-level or causal effect.,ASSOCIATIVELY_EXAMINABLE,HIGH,Patient-weighted rural share was associated with profile membership.,The contextual characteristic caused profile membership or individual access outcomes.,Longitudinal multilevel or quasi-experimental data are required for causal interpretation.,external_interpretation/06_external_profile_analysis/numeric_profile_descriptive_summary.csv; external_interpretation/06_external_profile_analysis/numeric_profile_omnibus_tests.csv; external_interpretation/08_evidence_readiness/prestart_repair/context_multinomial_model_marginal_effects_corrected.csv; external_interpretation/06_external_profile_analysis/closure_repair/primary_context_effect_sizes_revised.png,External context master → validity contract → descriptive tests and primary MNLogit.,external_interpretation/06_external_profile_analysis/numeric_profile_descriptive_summary.csv,registered_patients_rural_pct,EXPLICIT_CLAIM_SPECIFIC,EQUITY,CONTEXT,SUPPORTED_WITH_STATED_BOUNDARY,NOT_APPLICABLE
C07,Context,Region and ICB profile composition varies.,,Practice profile composition across seven regions and 42 March 2026 reference-period ICBs.,Region/ICB practice composition,Frozen March 2026 organisational geography,"6,067 practices across seven regions and 42 ICBs",Descriptive contingency analysis and publication-safe mapping,"Bias-corrected Cramér’s V, bootstrap interval and fixed-margin permutation",Bias-corrected Cramér’s V was 0.272 for region and 0.332 for ICB.,"ICB inference used 1,000 fixed-margin permutations; eight Profile 1 cells were suppressed for publication.",All practices had reference geography; published cells below five were suppressed.,Bootstrap interval for corrected Cramér’s V and fixed-margin permutation p-value for ICB.,"Practice composition, boundary choice and organisational change.","Maps show practice composition, not patient residence, prevalence or performance.",ASSOCIATIVELY_EXAMINABLE,HIGH,Profile composition varied across the frozen reference-period geographies.,ICBs are ranked or the maps show performance.,Patient-residence geography is needed for population-prevalence interpretation.,external_interpretation/06_external_profile_analysis/closure_repair/geographic_global_association_tests_corrected.csv; external_interpretation/08_evidence_readiness/prestart_repair/icb_profile_composition_map_publication_safe.png; external_interpretation/06_external_profile_analysis/region_profile_composition_publication.csv,Frozen practice geography → region/ICB composition → corrected tests and publication-safe map.,external_interpretation/06_external_profile_analysis/closure_repair/geographic_global_association_tests_corrected.csv,FIXED_MARGIN_PROFILE_PERMUTATION_1000,EXPLICIT_CLAIM_SPECIFIC,EQUITY,CONTEXT,SUPPORTED_WITH_STATED_BOUNDARY,NOT_APPLICABLE
C08,Context,Assignment uncertainty varied descriptively across ICBs.,,ICB composition of practice-level interpretive-caution flags.,ICB practice composition,Frozen profile uncertainty and March 2026 ICB geography,"6,067 practices across 42 ICBs",Descriptive geographic uncertainty summary,Descriptive ICB aggregation only,The ICB-level share carrying interpretive caution was mapped descriptively.,Practice-level caution combines multiple assignment signals and is not used to remove observations.,"All 6,067 practices have a caution flag and reference ICB.",Descriptive shares only; no inferential performance comparison.,Variation in profile geometry and local practice mix.,Geographic patterning does not imply ICB performance or causal context.,DESCRIPTIVELY_SUPPORTED,HIGH,Assignment uncertainty varied descriptively across ICBs.,Assignment uncertainty is geographically patterned or shows spatial clustering.,Additional algorithms and years would improve uncertainty characterisation.,external_interpretation/01_frozen_inputs/national_profiles/national_practice_profile_master_ods_enriched.csv; external_interpretation/06_external_profile_analysis/icb_profile_coverage_uncertainty.csv; external_interpretation/07_geographic_mapping/icb_assignment_uncertainty_map.png,Practice-level caution flag → frozen ICB aggregation → descriptive map.,external_interpretation/06_external_profile_analysis/icb_profile_coverage_uncertainty.csv,interpretive_caution,EXPLICIT_CLAIM_SPECIFIC,ACCESS,ROBUSTNESS,SUPPORTED_WITH_STATED_BOUNDARY,NOT_APPLICABLE
C09,Context,Evidence availability differs across profiles.,,Source-row presence and primary/sensitivity-valid coverage by profile and source family.,GP practice,External context source-availability indicators,"6,067 practices with measure-specific validity",Descriptive availability comparison with source-specific tests,Descriptive coverage and source-specific availability tests,Coverage varies by source and profile; missing evidence was retained as missing rather than zero-filled.,Permutation testing was used where sparse source-availability cells required it.,Availability denominators and missingness-status distributions are explicit.,"Cramér’s V with confidence intervals or no-variation result, depending on source.",Selective source availability can bias contextual comparison.,Evidence availability is not a measure of practice performance.,DESCRIPTIVELY_SUPPORTED,HIGH,External evidence availability differed for some source-profile combinations.,Missing external evidence indicates low activity or poor performance.,More complete source submission would reduce availability bias.,external_interpretation/06_external_profile_analysis/evidence_availability_by_profile.csv; external_interpretation/06_external_profile_analysis/evidence_availability_tests.csv; external_interpretation/06_external_profile_analysis/evidence_availability_by_profile.png,Integrated source-presence indicators → profile availability summaries and tests.,external_interpretation/06_external_profile_analysis/evidence_availability_by_profile.csv,EVIDENCE_AVAILABILITY_NOT_PRACTICE_PERFORMANCE,EXPLICIT_CLAIM_SPECIFIC,ACCESS,DATA_QUALITY,SUPPORTED_WITH_STATED_BOUNDARY,NOT_APPLICABLE
D01,Claims requiring stronger evidence,The sources measure total demand.,,Total patient demand across all routes,Not estimable from current practice-level aggregates,"OCS, GPAD, CBT and external context do not directly measure the required construct",No valid analytical cohort for this construct,Evidence-gap assessment,Evidence-gap assessment only,"The public sources record selected activities, not all demand.",No sensitivity analysis can create an absent construct.,Structurally unavailable in the current public linked evidence.,Not estimable from the current data.,"Construct substitution, ecological inference and unmeasured confounding.",Current practice-level observation windows cannot support the claim.,NOT_SUPPORTABLE_WITH_CURRENT_PUBLIC_DATA,HIGH,The current data do not support the claim: The sources measure total demand.,The sources measure total demand.,linked demand and contact-attempt records,external_interpretation/08_evidence_readiness/writing_authority/unsupported_claim_construct_absence_audit.csv; external_interpretation/08_evidence_readiness/writing_authority/additional_data_requirements_writing_authority.csv,The approved cross-source registry was audited for the required construct or design element; no approved analytical field matched. The additional-data register is downstream guidance only.,external_interpretation/03_source_audits/cross_source_contract_decision_implementation/approved_cross_source_measure_registry.csv,APPROVED_REGISTRY_AUDIT_NO_MATCH:total_demand,EXPLICIT_CLAIM_SPECIFIC,ACCESS,EVIDENCE_GAP,NOT_ESTIMABLE_WITH_CURRENT_PUBLIC_DATA,NOT_APPLICABLE
D02,Claims requiring stronger evidence,The profiles identify unmet need.,,Unmet need,Not estimable from current practice-level aggregates,"OCS, GPAD, CBT and external context do not directly measure the required construct",No valid analytical cohort for this construct,Evidence-gap assessment,Evidence-gap assessment only,No direct unmet-need construct is present.,No sensitivity analysis can create an absent construct.,Structurally unavailable in the current public linked evidence.,Not estimable from the current data.,"Construct substitution, ecological inference and unmeasured confounding.",Current practice-level observation windows cannot support the claim.,NOT_SUPPORTABLE_WITH_CURRENT_PUBLIC_DATA,HIGH,The current data do not support the claim: The profiles identify unmet need.,The profiles identify unmet need.,patient-reported unmet need and outcomes,external_interpretation/08_evidence_readiness/writing_authority/unsupported_claim_construct_absence_audit.csv; external_interpretation/08_evidence_readiness/writing_authority/additional_data_requirements_writing_authority.csv,The approved cross-source registry was audited for the required construct or design element; no approved analytical field matched. The additional-data register is downstream guidance only.,external_interpretation/03_source_audits/cross_source_contract_decision_implementation/approved_cross_source_measure_registry.csv,APPROVED_REGISTRY_AUDIT_NO_MATCH:unmet_need,EXPLICIT_CLAIM_SPECIFIC,ACCESS,EVIDENCE_GAP,NOT_ESTIMABLE_WITH_CURRENT_PUBLIC_DATA,NOT_APPLICABLE
D03,Claims requiring stronger evidence,Digital access reduces workload.,,Change in clinical and administrative workload,Not estimable from current practice-level aggregates,"OCS, GPAD, CBT and external context do not directly measure the required construct",No valid analytical cohort for this construct,Evidence-gap assessment,Evidence-gap assessment only,No workload outcome or causal counterfactual is present.,No sensitivity analysis can create an absent construct.,Structurally unavailable in the current public linked evidence.,Not estimable from the current data.,"Construct substitution, ecological inference and unmeasured confounding.",Current practice-level observation windows cannot support the claim.,NOT_SUPPORTABLE_WITH_CURRENT_PUBLIC_DATA,HIGH,The current data do not support the claim: Digital access reduces workload.,Digital access reduces workload.,longitudinal staff-time and workload measures with a comparator,external_interpretation/08_evidence_readiness/writing_authority/unsupported_claim_construct_absence_audit.csv; external_interpretation/08_evidence_readiness/writing_authority/additional_data_requirements_writing_authority.csv,The approved cross-source registry was audited for the required construct or design element; no approved analytical field matched. The additional-data register is downstream guidance only.,external_interpretation/03_source_audits/cross_source_contract_decision_implementation/approved_cross_source_measure_registry.csv,APPROVED_REGISTRY_AUDIT_NO_MATCH:workload,EXPLICIT_CLAIM_SPECIFIC,WORKLOAD,EVIDENCE_GAP,NOT_ESTIMABLE_WITH_CURRENT_PUBLIC_DATA,NOT_APPLICABLE
D04,Claims requiring stronger evidence,The profiles reveal hidden administrative workload.,,Unrecorded administrative work,Not estimable from current practice-level aggregates,"OCS, GPAD, CBT and external context do not directly measure the required construct",No valid analytical cohort for this construct,Evidence-gap assessment,Evidence-gap assessment only,Hidden administrative work is not observed.,No sensitivity analysis can create an absent construct.,Structurally unavailable in the current public linked evidence.,Not estimable from the current data.,"Construct substitution, ecological inference and unmeasured confounding.",Current practice-level observation windows cannot support the claim.,NOT_SUPPORTABLE_WITH_CURRENT_PUBLIC_DATA,HIGH,The current data do not support the claim: The profiles reveal hidden administrative workload.,The profiles reveal hidden administrative workload.,"workflow logs, staff time and task-level administrative records",external_interpretation/08_evidence_readiness/writing_authority/unsupported_claim_construct_absence_audit.csv; external_interpretation/08_evidence_readiness/writing_authority/additional_data_requirements_writing_authority.csv,The approved cross-source registry was audited for the required construct or design element; no approved analytical field matched. The additional-data register is downstream guidance only.,external_interpretation/03_source_audits/cross_source_contract_decision_implementation/approved_cross_source_measure_registry.csv,APPROVED_REGISTRY_AUDIT_NO_MATCH:administrative_workload,EXPLICIT_CLAIM_SPECIFIC,WORKLOAD,EVIDENCE_GAP,NOT_ESTIMABLE_WITH_CURRENT_PUBLIC_DATA,NOT_APPLICABLE
D05,Claims requiring stronger evidence,The data measure repeat contact.,,Repeated contacts for the same episode,Not estimable from current practice-level aggregates,"OCS, GPAD, CBT and external context do not directly measure the required construct",No valid analytical cohort for this construct,Evidence-gap assessment,Evidence-gap assessment only,Records are not linked into patient episodes.,No sensitivity analysis can create an absent construct.,Structurally unavailable in the current public linked evidence.,Not estimable from the current data.,"Construct substitution, ecological inference and unmeasured confounding.",Current practice-level observation windows cannot support the claim.,NOT_SUPPORTABLE_WITH_CURRENT_PUBLIC_DATA,HIGH,The current data do not support the claim: The data measure repeat contact.,The data measure repeat contact.,linked pseudonymised request/contact episodes,external_interpretation/08_evidence_readiness/writing_authority/unsupported_claim_construct_absence_audit.csv; external_interpretation/08_evidence_readiness/writing_authority/additional_data_requirements_writing_authority.csv,The approved cross-source registry was audited for the required construct or design element; no approved analytical field matched. The additional-data register is downstream guidance only.,external_interpretation/03_source_audits/cross_source_contract_decision_implementation/approved_cross_source_measure_registry.csv,APPROVED_REGISTRY_AUDIT_NO_MATCH:repeat_contact,EXPLICIT_CLAIM_SPECIFIC,WORKLOAD,EVIDENCE_GAP,NOT_ESTIMABLE_WITH_CURRENT_PUBLIC_DATA,NOT_APPLICABLE
D06,Claims requiring stronger evidence,Requests were resolved.,,Request resolution,Not estimable from current practice-level aggregates,"OCS, GPAD, CBT and external context do not directly measure the required construct",No valid analytical cohort for this construct,Evidence-gap assessment,Evidence-gap assessment only,No request-resolution outcome is available.,No sensitivity analysis can create an absent construct.,Structurally unavailable in the current public linked evidence.,Not estimable from the current data.,"Construct substitution, ecological inference and unmeasured confounding.",Current practice-level observation windows cannot support the claim.,NOT_SUPPORTABLE_WITH_CURRENT_PUBLIC_DATA,HIGH,The current data do not support the claim: Requests were resolved.,Requests were resolved.,request-level outcome and closure status,external_interpretation/08_evidence_readiness/writing_authority/unsupported_claim_construct_absence_audit.csv; external_interpretation/08_evidence_readiness/writing_authority/additional_data_requirements_writing_authority.csv,The approved cross-source registry was audited for the required construct or design element; no approved analytical field matched. The additional-data register is downstream guidance only.,external_interpretation/03_source_audits/cross_source_contract_decision_implementation/approved_cross_source_measure_registry.csv,APPROVED_REGISTRY_AUDIT_NO_MATCH:resolution,EXPLICIT_CLAIM_SPECIFIC,ACCESS,EVIDENCE_GAP,NOT_ESTIMABLE_WITH_CURRENT_PUBLIC_DATA,NOT_APPLICABLE
D07,Claims requiring stronger evidence,The data measure timeliness from first request to resolution.,,Elapsed time from first request to resolution,Not estimable from current practice-level aggregates,"OCS, GPAD, CBT and external context do not directly measure the required construct",No valid analytical cohort for this construct,Evidence-gap assessment,Evidence-gap assessment only,The required start and resolution timestamps are absent.,No sensitivity analysis can create an absent construct.,Structurally unavailable in the current public linked evidence.,Not estimable from the current data.,"Construct substitution, ecological inference and unmeasured confounding.",Current practice-level observation windows cannot support the claim.,NOT_SUPPORTABLE_WITH_CURRENT_PUBLIC_DATA,HIGH,The current data do not support the claim: The data measure timeliness from first request to resolution.,The data measure timeliness from first request to resolution.,time-stamped linked request-to-resolution journeys,external_interpretation/08_evidence_readiness/writing_authority/unsupported_claim_construct_absence_audit.csv; external_interpretation/08_evidence_readiness/writing_authority/additional_data_requirements_writing_authority.csv,The approved cross-source registry was audited for the required construct or design element; no approved analytical field matched. The additional-data register is downstream guidance only.,external_interpretation/03_source_audits/cross_source_contract_decision_implementation/approved_cross_source_measure_registry.csv,APPROVED_REGISTRY_AUDIT_NO_MATCH:timeliness,EXPLICIT_CLAIM_SPECIFIC,ACCESS,EVIDENCE_GAP,NOT_ESTIMABLE_WITH_CURRENT_PUBLIC_DATA,NOT_APPLICABLE
D08,Claims requiring stronger evidence,The profiles identify safer access.,,Safety outcomes attributable to access,Not estimable from current practice-level aggregates,"OCS, GPAD, CBT and external context do not directly measure the required construct",No valid analytical cohort for this construct,Evidence-gap assessment,Evidence-gap assessment only,No safety outcome is present.,No sensitivity analysis can create an absent construct.,Structurally unavailable in the current public linked evidence.,Not estimable from the current data.,"Construct substitution, ecological inference and unmeasured confounding.",Current practice-level observation windows cannot support the claim.,NOT_SUPPORTABLE_WITH_CURRENT_PUBLIC_DATA,HIGH,The current data do not support the claim: The profiles identify safer access.,The profiles identify safer access.,"linked safety incidents, clinical outcomes and risk adjustment",external_interpretation/08_evidence_readiness/writing_authority/unsupported_claim_construct_absence_audit.csv; external_interpretation/08_evidence_readiness/writing_authority/additional_data_requirements_writing_authority.csv,The approved cross-source registry was audited for the required construct or design element; no approved analytical field matched. The additional-data register is downstream guidance only.,external_interpretation/03_source_audits/cross_source_contract_decision_implementation/approved_cross_source_measure_registry.csv,APPROVED_REGISTRY_AUDIT_NO_MATCH:safety,EXPLICIT_CLAIM_SPECIFIC,SAFETY,EVIDENCE_GAP,NOT_ESTIMABLE_WITH_CURRENT_PUBLIC_DATA,NOT_APPLICABLE
D09,Claims requiring stronger evidence,The profiles identify clinical quality.,,Clinical quality,Not estimable from current practice-level aggregates,"OCS, GPAD, CBT and external context do not directly measure the required construct",No valid analytical cohort for this construct,Evidence-gap assessment,Evidence-gap assessment only,Recorded activity is not a clinical-quality measure.,No sensitivity analysis can create an absent construct.,Structurally unavailable in the current public linked evidence.,Not estimable from the current data.,"Construct substitution, ecological inference and unmeasured confounding.",Current practice-level observation windows cannot support the claim.,NOT_SUPPORTABLE_WITH_CURRENT_PUBLIC_DATA,HIGH,The current data do not support the claim: The profiles identify clinical quality.,The profiles identify clinical quality.,validated clinical-quality outcomes and risk adjustment,external_interpretation/08_evidence_readiness/writing_authority/unsupported_claim_construct_absence_audit.csv; external_interpretation/08_evidence_readiness/writing_authority/additional_data_requirements_writing_authority.csv,The approved cross-source registry was audited for the required construct or design element; no approved analytical field matched. The additional-data register is downstream guidance only.,external_interpretation/03_source_audits/cross_source_contract_decision_implementation/approved_cross_source_measure_registry.csv,APPROVED_REGISTRY_AUDIT_NO_MATCH:clinical_quality,EXPLICIT_CLAIM_SPECIFIC,SAFETY,EVIDENCE_GAP,NOT_ESTIMABLE_WITH_CURRENT_PUBLIC_DATA,NOT_APPLICABLE
D10,Claims requiring stronger evidence,The analysis demonstrates individual-level equity.,,Individual-level differential access and outcomes,Not estimable from current practice-level aggregates,"OCS, GPAD, CBT and external context do not directly measure the required construct",No valid analytical cohort for this construct,Evidence-gap assessment,Evidence-gap assessment only,Practice aggregates cannot establish individual equity.,No sensitivity analysis can create an absent construct.,Structurally unavailable in the current public linked evidence.,Not estimable from the current data.,"Construct substitution, ecological inference and unmeasured confounding.",Current practice-level observation windows cannot support the claim.,NOT_SUPPORTABLE_WITH_CURRENT_PUBLIC_DATA,HIGH,The current data do not support the claim: The analysis demonstrates individual-level equity.,The analysis demonstrates individual-level equity.,"individual-level protected characteristics, need, access and outcomes",external_interpretation/08_evidence_readiness/writing_authority/unsupported_claim_construct_absence_audit.csv; external_interpretation/08_evidence_readiness/writing_authority/additional_data_requirements_writing_authority.csv,The approved cross-source registry was audited for the required construct or design element; no approved analytical field matched. The additional-data register is downstream guidance only.,external_interpretation/03_source_audits/cross_source_contract_decision_implementation/approved_cross_source_measure_registry.csv,APPROVED_REGISTRY_AUDIT_NO_MATCH:individual_equity,EXPLICIT_CLAIM_SPECIFIC,EQUITY,EVIDENCE_GAP,NOT_ESTIMABLE_WITH_CURRENT_PUBLIC_DATA,NOT_APPLICABLE
D11,Claims requiring stronger evidence,Digital access causally changes outcomes.,,Causal effect of digital access,Not estimable from current practice-level aggregates,"OCS, GPAD, CBT and external context do not directly measure the required construct",No valid analytical cohort for this construct,Evidence-gap assessment,Evidence-gap assessment only,"The study is observational, aggregate and cross-sectional.",No sensitivity analysis can create an absent construct.,Structurally unavailable in the current public linked evidence.,Not estimable from the current data.,"Construct substitution, ecological inference and unmeasured confounding.",Current practice-level observation windows cannot support the claim.,NOT_SUPPORTABLE_WITH_CURRENT_PUBLIC_DATA,HIGH,The current data do not support the claim: Digital access causally changes outcomes.,Digital access causally changes outcomes.,a credible causal design with exposure timing and counterfactual,external_interpretation/08_evidence_readiness/writing_authority/unsupported_claim_construct_absence_audit.csv; external_interpretation/08_evidence_readiness/writing_authority/additional_data_requirements_writing_authority.csv,The approved cross-source registry was audited for the required construct or design element; no approved analytical field matched. The additional-data register is downstream guidance only.,external_interpretation/03_source_audits/cross_source_contract_decision_implementation/approved_cross_source_measure_registry.csv,APPROVED_REGISTRY_AUDIT_NO_MATCH:causal_effect,EXPLICIT_CLAIM_SPECIFIC,ACCESS,EVIDENCE_GAP,NOT_ESTIMABLE_WITH_CURRENT_PUBLIC_DATA,NOT_APPLICABLE
D12,Claims requiring stronger evidence,Supplier products cause profile differences.,,Causal supplier-product effect,Not estimable from current practice-level aggregates,"OCS, GPAD, CBT and external context do not directly measure the required construct",No valid analytical cohort for this construct,Evidence-gap assessment,Evidence-gap assessment only,Supplier association is confounded by selection and implementation.,No sensitivity analysis can create an absent construct.,Structurally unavailable in the current public linked evidence.,Not estimable from the current data.,"Construct substitution, ecological inference and unmeasured confounding.",Current practice-level observation windows cannot support the claim.,NOT_SUPPORTABLE_WITH_CURRENT_PUBLIC_DATA,HIGH,The current data do not support the claim: Supplier products cause profile differences.,Supplier products cause profile differences.,"product-level exposure, implementation timing and causal comparison",external_interpretation/08_evidence_readiness/writing_authority/unsupported_claim_construct_absence_audit.csv; external_interpretation/08_evidence_readiness/writing_authority/additional_data_requirements_writing_authority.csv,The approved cross-source registry was audited for the required construct or design element; no approved analytical field matched. The additional-data register is downstream guidance only.,external_interpretation/03_source_audits/cross_source_contract_decision_implementation/approved_cross_source_measure_registry.csv,APPROVED_REGISTRY_AUDIT_NO_MATCH:supplier_effect,EXPLICIT_CLAIM_SPECIFIC,ACCESS,EVIDENCE_GAP,NOT_ESTIMABLE_WITH_CURRENT_PUBLIC_DATA,NOT_APPLICABLE
D13,Claims requiring stronger evidence,The profiles demonstrate economic value or cost-effectiveness.,,"Costs, consequences and incremental value",Not estimable from current practice-level aggregates,"OCS, GPAD, CBT and external context do not directly measure the required construct",No valid analytical cohort for this construct,Evidence-gap assessment,Evidence-gap assessment only,No cost or outcome valuation is present.,No sensitivity analysis can create an absent construct.,Structurally unavailable in the current public linked evidence.,Not estimable from the current data.,"Construct substitution, ecological inference and unmeasured confounding.",Current practice-level observation windows cannot support the claim.,NOT_SUPPORTABLE_WITH_CURRENT_PUBLIC_DATA,HIGH,The current data do not support the claim: The profiles demonstrate economic value or cost-effectiveness.,The profiles demonstrate economic value or cost-effectiveness.,"resource use, costs, outcomes and an economic comparator",external_interpretation/08_evidence_readiness/writing_authority/unsupported_claim_construct_absence_audit.csv; external_interpretation/08_evidence_readiness/writing_authority/additional_data_requirements_writing_authority.csv,The approved cross-source registry was audited for the required construct or design element; no approved analytical field matched. The additional-data register is downstream guidance only.,external_interpretation/03_source_audits/cross_source_contract_decision_implementation/approved_cross_source_measure_registry.csv,APPROVED_REGISTRY_AUDIT_NO_MATCH:economic_value,EXPLICIT_CLAIM_SPECIFIC,VALUE,EVIDENCE_GAP,NOT_ESTIMABLE_WITH_CURRENT_PUBLIC_DATA,NOT_APPLICABLE
E01,Canonical project improvement claims,Digital access improves access.,,Causal improvement in access,Not estimable from current aggregate design,"OCS, GPAD, CBT, GPPS and contextual sources",No valid analytical cohort for this construct,Evidence-boundary assessment of an observational aggregate study,Evidence-boundary assessment only,GPAD/OCS activity and GPPS associations do not establish improvement.,Observed descriptive and associative results were reviewed; none supplies a counterfactual.,Aggregate source coverage does not recover individual journeys or causal exposure.,Not estimable as a causal improvement effect.,"Ecological fallacy, confounding, selection and temporal mismatch.",Practice-level association cannot establish individual or causal improvement.,NOT_SUPPORTABLE_WITH_CURRENT_PUBLIC_DATA,HIGH,The study does not establish that digital access improves access.,Digital access improves access.,"request-level access outcomes, exposure timing and a credible comparator",external_interpretation/08_evidence_readiness/writing_authority/unsupported_claim_construct_absence_audit.csv; external_interpretation/08_evidence_readiness/writing_authority/additional_data_requirements_writing_authority.csv,The approved cross-source registry was audited for the required construct or design element; no approved analytical field matched. The additional-data register is downstream guidance only.,external_interpretation/03_source_audits/cross_source_contract_decision_implementation/approved_cross_source_measure_registry.csv,APPROVED_REGISTRY_AUDIT_NO_MATCH:access_improvement,EXPLICIT_CLAIM_SPECIFIC,ACCESS,EVIDENCE_GAP,NOT_ESTIMABLE_WITH_CURRENT_PUBLIC_DATA,NOT_APPLICABLE
E02,Canonical project improvement claims,Digital access improves patient experience.,,Causal improvement in patient experience,Not estimable from current aggregate design,"OCS, GPAD, CBT, GPPS and contextual sources",No valid analytical cohort for this construct,Evidence-boundary assessment of an observational aggregate study,Evidence-boundary assessment only,"GPPS supports practice-level association, not causal patient-experience improvement.",Observed descriptive and associative results were reviewed; none supplies a counterfactual.,Aggregate source coverage does not recover individual journeys or causal exposure.,Not estimable as a causal improvement effect.,"Ecological fallacy, confounding, selection and temporal mismatch.",Practice-level association cannot establish individual or causal improvement.,NOT_SUPPORTABLE_WITH_CURRENT_PUBLIC_DATA,HIGH,The study does not establish that digital access improves patient experience.,Digital access improves patient experience.,longitudinal patient-level experience linked to exposure and a causal comparator,external_interpretation/08_evidence_readiness/writing_authority/unsupported_claim_construct_absence_audit.csv; external_interpretation/08_evidence_readiness/writing_authority/additional_data_requirements_writing_authority.csv,The approved cross-source registry was audited for the required construct or design element; no approved analytical field matched. The additional-data register is downstream guidance only.,external_interpretation/03_source_audits/cross_source_contract_decision_implementation/approved_cross_source_measure_registry.csv,APPROVED_REGISTRY_AUDIT_NO_MATCH:experience_improvement,EXPLICIT_CLAIM_SPECIFIC,PATIENT_EXPERIENCE,EVIDENCE_GAP,NOT_ESTIMABLE_WITH_CURRENT_PUBLIC_DATA,NOT_APPLICABLE
E03,Canonical project improvement claims,Digital access improves equity.,,Causal improvement in individual-level equity,Not estimable from current aggregate design,"OCS, GPAD, CBT, GPPS and contextual sources",No valid analytical cohort for this construct,Evidence-boundary assessment of an observational aggregate study,Evidence-boundary assessment only,"Deprivation, rurality and age provide ecological context, not individual-level equity improvement.",Observed descriptive and associative results were reviewed; none supplies a counterfactual.,Aggregate source coverage does not recover individual journeys or causal exposure.,Not estimable as a causal improvement effect.,"Ecological fallacy, confounding, selection and temporal mismatch.",Practice-level association cannot establish individual or causal improvement.,NOT_SUPPORTABLE_WITH_CURRENT_PUBLIC_DATA,HIGH,The study does not establish that digital access improves equity.,Digital access improves equity.,"individual-level need, protected characteristics, access journeys, outcomes and a causal design",external_interpretation/08_evidence_readiness/writing_authority/unsupported_claim_construct_absence_audit.csv; external_interpretation/08_evidence_readiness/writing_authority/additional_data_requirements_writing_authority.csv,The approved cross-source registry was audited for the required construct or design element; no approved analytical field matched. The additional-data register is downstream guidance only.,external_interpretation/03_source_audits/cross_source_contract_decision_implementation/approved_cross_source_measure_registry.csv,APPROVED_REGISTRY_AUDIT_NO_MATCH:equity_improvement,EXPLICIT_CLAIM_SPECIFIC,EQUITY,EVIDENCE_GAP,NOT_ESTIMABLE_WITH_CURRENT_PUBLIC_DATA,NOT_APPLICABLE
