"analysis_name","category","group_a","group_b","group_a_n","group_b_n","category_total_n","group_a_pct","group_b_pct","group_a_minus_group_b_percentage_points","within_category_group_a_rate_pct","expected_group_a_n_under_independence","expected_group_b_n_under_independence","observed_minus_expected_group_a_n","observed_to_expected_group_a_ratio","chi_square_statistic","degrees_of_freedom","cramers_v","concentration_band","minimum_expected_cell_count","expected_cells_below_5_n","expected_cells_below_1_n","sparse_cell_warning","reproduction_pass","row_order_invariance_pass"
"supplier","EMIS","NATIONAL_ANALYTICAL_COHORT","NATIONAL_EXCLUDED",3551,39,3590,58.5297511125762,61.9047619047619,-3.37501079218567,98.9136490250696,3553.1044045677,36.8955954323002,-2.10440456769993,0.999407727911121,0.319045858030112,2,0.00721433521756091,"No clear",0.0308319738988581,2,1,TRUE,TRUE,TRUE
"supplier","TPP","NATIONAL_ANALYTICAL_COHORT","NATIONAL_EXCLUDED",2513,24,2537,41.4208010548871,38.0952380952381,3.325562959649,99.0540007883327,2510.9264274062,26.073572593801,2.07357259380115,1.00082581973377,0.319045858030112,2,0.00721433521756091,"No clear",0.0308319738988581,2,1,TRUE,TRUE,TRUE
"supplier","Unknown","NATIONAL_ANALYTICAL_COHORT","NATIONAL_EXCLUDED",3,0,3,0.0494478325366738,0,0.0494478325366738,100,2.96916802610114,0.0308319738988581,0.0308319738988581,1.0103840448327,0.319045858030112,2,0.00721433521756091,"No clear",0.0308319738988581,2,1,TRUE,TRUE,TRUE
"commissioning_region","East of England","NATIONAL_ANALYTICAL_COHORT","NATIONAL_EXCLUDED",624,3,627,10.2851491676282,4.76190476190476,5.52324440572339,99.5215311004785,620.556117455139,6.44388254486134,3.44388254486137,1.00554967141245,26.0930119796302,6,0.0652426915892687,"Mild",5.28254486133768,0,0,FALSE,TRUE,TRUE
"commissioning_region","London","NATIONAL_ANALYTICAL_COHORT","NATIONAL_EXCLUDED",1113,10,1123,18.345145871106,15.8730158730159,2.47212999809011,99.1095280498664,1111.45856443719,11.5414355628059,1.54143556280587,1.00138685832484,26.0930119796302,6,0.0652426915892687,"Mild",5.28254486133768,0,0,FALSE,TRUE,TRUE
"commissioning_region","Midlands","NATIONAL_ANALYTICAL_COHORT","NATIONAL_EXCLUDED",1233,4,1237,20.3230591725729,6.34920634920635,13.9738528233666,99.6766370250606,1224.28694942904,12.7130505709625,8.71305057096242,1.00711683692702,26.0930119796302,6,0.0652426915892687,"Mild",5.28254486133768,0,0,FALSE,TRUE,TRUE
"commissioning_region","North East and Yorkshire","NATIONAL_ANALYTICAL_COHORT","NATIONAL_EXCLUDED",914,8,922,15.06510631284,12.6984126984127,2.36669361442726,99.1323210412148,912.524306688418,9.47569331158238,1.4756933115824,1.00161715507276,26.0930119796302,6,0.0652426915892687,"Mild",5.28254486133768,0,0,FALSE,TRUE,TRUE
"commissioning_region","North West","NATIONAL_ANALYTICAL_COHORT","NATIONAL_EXCLUDED",918,15,933,15.1310367562222,23.8095238095238,-8.67848705330162,98.3922829581994,923.411256117455,9.58874388254486,-5.41125611745508,0.994139928356292,26.0930119796302,6,0.0652426915892687,"Mild",5.28254486133768,0,0,FALSE,TRUE,TRUE
"commissioning_region","South East","NATIONAL_ANALYTICAL_COHORT","NATIONAL_EXCLUDED",765,9,774,12.6091972968518,14.2857142857143,-1.67651698886247,98.8372093023256,766.045350734095,7.95464926590538,-1.04535073409465,0.9986353931486,26.0930119796302,6,0.0652426915892687,"Mild",5.28254486133768,0,0,FALSE,TRUE,TRUE
"commissioning_region","South West","NATIONAL_ANALYTICAL_COHORT","NATIONAL_EXCLUDED",500,14,514,8.24130542277897,22.2222222222222,-13.9809167994433,97.2762645914397,508.717455138662,5.28254486133768,-8.71745513866233,0.982863856841149,26.0930119796302,6,0.0652426915892687,"Mild",5.28254486133768,0,0,FALSE,TRUE,TRUE
"icb","NHS Bath and North East Somerset, Swindon and Wiltshire Integrated Care Board","NATIONAL_ANALYTICAL_COHORT","NATIONAL_EXCLUDED",78,5,83,1.28564364595352,7.93650793650794,-6.65086429055442,93.9759036144578,82.1469820554649,0.853017944535073,-4.14698205546493,0.94951753610784,82.275808539625,41,0.115852615305059,"Moderate",0.513866231647635,42,14,TRUE,TRUE,TRUE
"icb","NHS Bedfordshire, Luton and Milton Keynes Integrated Care Board","NATIONAL_ANALYTICAL_COHORT","NATIONAL_EXCLUDED",83,1,84,1.36805670018131,1.58730158730159,-0.219244887120279,98.8095238095238,83.136704730832,0.863295269168026,-0.13670473083198,0.998355663346598,82.275808539625,41,0.115852615305059,"Moderate",0.513866231647635,42,14,TRUE,TRUE,TRUE
"icb","NHS Birmingham and Solihull Integrated Care Board","NATIONAL_ANALYTICAL_COHORT","NATIONAL_EXCLUDED",174,1,175,2.86797428712708,1.58730158730159,1.28067269982549,99.4285714285714,173.201468189233,1.79853181076672,0.798531810766718,1.00461042171937,82.275808539625,41,0.115852615305059,"Moderate",0.513866231647635,42,14,TRUE,TRUE,TRUE
"icb","NHS Black Country Integrated Care Board","NATIONAL_ANALYTICAL_COHORT","NATIONAL_EXCLUDED",168,0,168,2.76907862205373,0,2.76907862205373,100,166.273409461664,1.72659053833605,1.72659053833604,1.0103840448327,82.275808539625,41,0.115852615305059,"Moderate",0.513866231647635,42,14,TRUE,TRUE,TRUE
"icb","NHS Bristol, North Somerset and South Gloucestershire Integrated Care Board","NATIONAL_ANALYTICAL_COHORT","NATIONAL_EXCLUDED",70,1,71,1.15378275918906,1.58730158730159,-0.433518828112532,98.5915492957746,70.2703099510604,0.729690048939641,-0.270309951060355,0.996153283637875,82.275808539625,41,0.115852615305059,"Moderate",0.513866231647635,42,14,TRUE,TRUE,TRUE
"icb","NHS Buckinghamshire, Oxfordshire and Berkshire West Integrated Care Board","NATIONAL_ANALYTICAL_COHORT","NATIONAL_EXCLUDED",150,2,152,2.47239162683369,3.17460317460317,-0.702211547769484,98.6842105263158,150.437846655791,1.56215334420881,-0.437846655791191,0.997089517927008,82.275808539625,41,0.115852615305059,"Moderate",0.513866231647635,42,14,TRUE,TRUE,TRUE
"icb","NHS Cambridgeshire and Peterborough Integrated Care Board","NATIONAL_ANALYTICAL_COHORT","NATIONAL_EXCLUDED",85,0,85,1.40102192187242,0,1.40102192187242,100,84.126427406199,0.873572593800979,0.873572593800972,1.0103840448327,82.275808539625,41,0.115852615305059,"Moderate",0.513866231647635,42,14,TRUE,TRUE,TRUE
"icb","NHS Cheshire and Merseyside Integrated Care Board","NATIONAL_ANALYTICAL_COHORT","NATIONAL_EXCLUDED",330,4,334,5.43926157903412,6.34920634920635,-0.909944770172229,98.8023952095808,330.567373572594,3.4326264274062,-0.567373572593795,0.998283637110154,82.275808539625,41,0.115852615305059,"Moderate",0.513866231647635,42,14,TRUE,TRUE,TRUE
"icb","NHS Cornwall and the Isles of Scilly Integrated Care Board","NATIONAL_ANALYTICAL_COHORT","NATIONAL_EXCLUDED",54,1,55,0.890060985660129,1.58730158730159,-0.697240601641459,98.1818181818182,54.4347471451876,0.565252854812398,-0.4347471451876,0.992013425835743,82.275808539625,41,0.115852615305059,"Moderate",0.513866231647635,42,14,TRUE,TRUE,TRUE
"icb","NHS Coventry and Warwickshire Integrated Care Board","NATIONAL_ANALYTICAL_COHORT","NATIONAL_EXCLUDED",118,1,119,1.94494807977584,1.58730158730159,0.357646492474249,99.1596638655462,117.776998368679,1.22300163132137,0.223001631321367,1.00189342260722,82.275808539625,41,0.115852615305059,"Moderate",0.513866231647635,42,14,TRUE,TRUE,TRUE
"icb","NHS Derby and Derbyshire Integrated Care Board","NATIONAL_ANALYTICAL_COHORT","NATIONAL_EXCLUDED",108,1,109,1.78012197132026,1.58730158730159,0.19282038401867,99.0825688073395,107.879771615008,1.12022838499184,0.120228384991847,1.00111446643974,82.275808539625,41,0.115852615305059,"Moderate",0.513866231647635,42,14,TRUE,TRUE,TRUE
"icb","NHS Devon Integrated Care Board","NATIONAL_ANALYTICAL_COHORT","NATIONAL_EXCLUDED",111,4,115,1.82956980385693,6.34920634920635,-4.51963654534942,96.5217391304348,113.81810766721,1.18189233278956,-2.81810766721044,0.975240251968955,82.275808539625,41,0.115852615305059,"Moderate",0.513866231647635,42,14,TRUE,TRUE,TRUE
"icb","NHS Dorset Integrated Care Board","NATIONAL_ANALYTICAL_COHORT","NATIONAL_EXCLUDED",67,1,68,1.10433492665238,1.58730158730159,-0.482966660649206,98.5294117647059,67.3011419249592,0.698858075040783,-0.301141924959211,0.995525455938103,82.275808539625,41,0.115852615305059,"Moderate",0.513866231647635,42,14,TRUE,TRUE,TRUE
"icb","NHS Frimley Integrated Care Board","NATIONAL_ANALYTICAL_COHORT","NATIONAL_EXCLUDED",62,4,66,1.02192187242459,6.34920634920635,-5.32728447678176,93.9393939393939,65.3216965742251,0.678303425774878,-3.32169657422513,0.949148648176174,82.275808539625,41,0.115852615305059,"Moderate",0.513866231647635,42,14,TRUE,TRUE,TRUE
"icb","NHS Gloucestershire Integrated Care Board","NATIONAL_ANALYTICAL_COHORT","NATIONAL_EXCLUDED",63,0,63,1.03840448327015,0,1.03840448327015,100,62.352528548124,0.64747145187602,0.647471451876022,1.0103840448327,82.275808539625,41,0.115852615305059,"Moderate",0.513866231647635,42,14,TRUE,TRUE,TRUE
"icb","NHS Greater Manchester Integrated Care Board","NATIONAL_ANALYTICAL_COHORT","NATIONAL_EXCLUDED",395,9,404,6.51063128399538,14.2857142857143,-7.7750830017189,97.7722772277228,399.847960848287,4.15203915171289,-4.84796084828713,0.987875489378508,82.275808539625,41,0.115852615305059,"Moderate",0.513866231647635,42,14,TRUE,TRUE,TRUE
"icb","NHS Hampshire and Isle of Wight Integrated Care Board","NATIONAL_ANALYTICAL_COHORT","NATIONAL_EXCLUDED",125,3,128,2.06032635569474,4.76190476190476,-2.70157840621002,97.65625,126.684502446982,1.31549755301794,-1.68450244698205,0.986703168781935,82.275808539625,41,0.115852615305059,"Moderate",0.513866231647635,42,14,TRUE,TRUE,TRUE
"icb","NHS Herefordshire and Worcestershire Integrated Care Board","NATIONAL_ANALYTICAL_COHORT","NATIONAL_EXCLUDED",78,0,78,1.28564364595352,0,1.28564364595352,100,77.1983686786297,0.80163132137031,0.801631321370309,1.0103840448327,82.275808539625,41,0.115852615305059,"Moderate",0.513866231647635,42,14,TRUE,TRUE,TRUE
"icb","NHS Hertfordshire and West Essex Integrated Care Board","NATIONAL_ANALYTICAL_COHORT","NATIONAL_EXCLUDED",123,1,124,2.02736113400363,1.58730158730159,0.440059546702039,99.1935483870968,122.725611745514,1.27438825448613,0.274388254486141,1.00223578640663,82.275808539625,41,0.115852615305059,"Moderate",0.513866231647635,42,14,TRUE,TRUE,TRUE
"icb","NHS Humber and North Yorkshire Integrated Care Board","NATIONAL_ANALYTICAL_COHORT","NATIONAL_EXCLUDED",157,0,157,2.5877699027526,0,2.5877699027526,100,155.386460032626,1.61353996737357,1.61353996737358,1.0103840448327,82.275808539625,41,0.115852615305059,"Moderate",0.513866231647635,42,14,TRUE,TRUE,TRUE
"icb","NHS Kent and Medway Integrated Care Board","NATIONAL_ANALYTICAL_COHORT","NATIONAL_EXCLUDED",174,0,174,2.86797428712708,0,2.86797428712708,100,172.211745513866,1.78825448613377,1.78825448613378,1.0103840448327,82.275808539625,41,0.115852615305059,"Moderate",0.513866231647635,42,14,TRUE,TRUE,TRUE
"icb","NHS Lancashire and South Cumbria Integrated Care Board","NATIONAL_ANALYTICAL_COHORT","NATIONAL_EXCLUDED",193,2,195,3.18114389319268,3.17460317460317,0.00654071858950722,98.974358974359,192.995921696574,2.00407830342577,0.00407830342578563,1.00002113155237,82.275808539625,41,0.115852615305059,"Moderate",0.513866231647635,42,14,TRUE,TRUE,TRUE
"icb","NHS Leicester, Leicestershire and Rutland Integrated Care Board","NATIONAL_ANALYTICAL_COHORT","NATIONAL_EXCLUDED",126,0,126,2.0768089665403,0,2.0768089665403,100,124.705057096248,1.29494290375204,1.29494290375204,1.0103840448327,82.275808539625,41,0.115852615305059,"Moderate",0.513866231647635,42,14,TRUE,TRUE,TRUE
"icb","NHS Lincolnshire Integrated Care Board","NATIONAL_ANALYTICAL_COHORT","NATIONAL_EXCLUDED",81,0,81,1.33509147849019,0,1.33509147849019,100,80.1675367047308,0.832463295269168,0.832463295269164,1.0103840448327,82.275808539625,41,0.115852615305059,"Moderate",0.513866231647635,42,14,TRUE,TRUE,TRUE
"icb","NHS Mid and South Essex Integrated Care Board","NATIONAL_ANALYTICAL_COHORT","NATIONAL_EXCLUDED",143,0,143,2.35701335091479,0,2.35701335091479,100,141.530342577488,1.46965742251223,1.46965742251223,1.0103840448327,82.275808539625,41,0.115852615305059,"Moderate",0.513866231647635,42,14,TRUE,TRUE,TRUE
"icb","NHS Norfolk and Waveney Integrated Care Board","NATIONAL_ANALYTICAL_COHORT","NATIONAL_EXCLUDED",101,1,102,1.66474369540135,1.58730158730159,0.0774421080997643,99.0196078431373,100.951712887439,1.04828711256117,0.0482871125611695,1.00047831890297,82.275808539625,41,0.115852615305059,"Moderate",0.513866231647635,42,14,TRUE,TRUE,TRUE
"icb","NHS North Central London Integrated Care Board","NATIONAL_ANALYTICAL_COHORT","NATIONAL_EXCLUDED",171,3,174,2.81852645459041,4.76190476190476,-1.94337830731435,98.2758620689655,172.211745513866,1.78825448613377,-1.21174551386622,0.99296363026662,82.275808539625,41,0.115852615305059,"Moderate",0.513866231647635,42,14,TRUE,TRUE,TRUE
"icb","NHS North East and North Cumbria Integrated Care Board","NATIONAL_ANALYTICAL_COHORT","NATIONAL_EXCLUDED",331,4,335,5.45574418987968,6.34920634920635,-0.893462159326672,98.8059701492537,331.557096247961,3.44290375203915,-0.557096247960828,0.998319757730222,82.275808539625,41,0.115852615305059,"Moderate",0.513866231647635,42,14,TRUE,TRUE,TRUE
"icb","NHS North East London Integrated Care Board","NATIONAL_ANALYTICAL_COHORT","NATIONAL_EXCLUDED",261,0,261,4.30196143069062,0,4.30196143069062,100,258.317618270799,2.68238172920065,2.68238172920064,1.0103840448327,82.275808539625,41,0.115852615305059,"Moderate",0.513866231647635,42,14,TRUE,TRUE,TRUE
"icb","NHS North West London Integrated Care Board","NATIONAL_ANALYTICAL_COHORT","NATIONAL_EXCLUDED",331,5,336,5.45574418987968,7.93650793650794,-2.48076374662826,98.5119047619048,332.546818923328,3.4531810766721,-1.54681892332792,0.995348567975072,82.275808539625,41,0.115852615305059,"Moderate",0.513866231647635,42,14,TRUE,TRUE,TRUE
"icb","NHS Northamptonshire Integrated Care Board","NATIONAL_ANALYTICAL_COHORT","NATIONAL_EXCLUDED",63,1,64,1.03840448327015,1.58730158730159,-0.548897104031437,98.4375,63.342251223491,0.657748776508972,-0.342251223491026,0.994596794132191,82.275808539625,41,0.115852615305059,"Moderate",0.513866231647635,42,14,TRUE,TRUE,TRUE
"icb","NHS Nottingham and Nottinghamshire Integrated Care Board","NATIONAL_ANALYTICAL_COHORT","NATIONAL_EXCLUDED",126,0,126,2.0768089665403,0,2.0768089665403,100,124.705057096248,1.29494290375204,1.29494290375204,1.0103840448327,82.275808539625,41,0.115852615305059,"Moderate",0.513866231647635,42,14,TRUE,TRUE,TRUE
"icb","NHS Shropshire, Telford and Wrekin Integrated Care Board","NATIONAL_ANALYTICAL_COHORT","NATIONAL_EXCLUDED",50,0,50,0.824130542277897,0,0.824130542277897,100,49.4861337683524,0.513866231647635,0.513866231647633,1.0103840448327,82.275808539625,41,0.115852615305059,"Moderate",0.513866231647635,42,14,TRUE,TRUE,TRUE
"icb","NHS Somerset Integrated Care Board","NATIONAL_ANALYTICAL_COHORT","NATIONAL_EXCLUDED",57,2,59,0.939508818196802,3.17460317460317,-2.23509435640637,96.6101694915254,58.3936378466558,0.606362153344209,-1.39363784665579,0.976133738228203,82.275808539625,41,0.115852615305059,"Moderate",0.513866231647635,42,14,TRUE,TRUE,TRUE
"icb","NHS South East London Integrated Care Board","NATIONAL_ANALYTICAL_COHORT","NATIONAL_EXCLUDED",183,2,185,3.0163177847371,3.17460317460317,-0.158285389866072,98.9189189189189,183.098694942904,1.90130505709625,-0.0986949429037622,0.999460974077753,82.275808539625,41,0.115852615305059,"Moderate",0.513866231647635,42,14,TRUE,TRUE,TRUE
"icb","NHS South West London Integrated Care Board","NATIONAL_ANALYTICAL_COHORT","NATIONAL_EXCLUDED",167,0,167,2.75259601120818,0,2.75259601120818,100,165.283686786297,1.7163132137031,1.7163132137031,1.0103840448327,82.275808539625,41,0.115852615305059,"Moderate",0.513866231647635,42,14,TRUE,TRUE,TRUE
"icb","NHS South Yorkshire Integrated Care Board","NATIONAL_ANALYTICAL_COHORT","NATIONAL_EXCLUDED",166,3,169,2.73611340036262,4.76190476190476,-2.02579136154214,98.2248520710059,167.263132137031,1.736867862969,-1.26313213703099,0.992448233385967,82.275808539625,41,0.115852615305059,"Moderate",0.513866231647635,42,14,TRUE,TRUE,TRUE
"icb","NHS Staffordshire and Stoke-on-Trent Integrated Care Board","NATIONAL_ANALYTICAL_COHORT","NATIONAL_EXCLUDED",141,0,141,2.32404812922367,0,2.32404812922367,100,139.550897226754,1.44910277324633,1.44910277324632,1.0103840448327,82.275808539625,41,0.115852615305059,"Moderate",0.513866231647635,42,14,TRUE,TRUE,TRUE
"icb","NHS Suffolk and North East Essex Integrated Care Board","NATIONAL_ANALYTICAL_COHORT","NATIONAL_EXCLUDED",89,0,89,1.46695236525466,0,1.46695236525466,100,88.0853181076672,0.91468189233279,0.914681892332794,1.0103840448327,82.275808539625,41,0.115852615305059,"Moderate",0.513866231647635,42,14,TRUE,TRUE,TRUE
"icb","NHS Surrey Heartlands ICB","NATIONAL_ANALYTICAL_COHORT","NATIONAL_EXCLUDED",98,0,98,1.61529586286468,0,1.61529586286468,100,96.9928221859706,1.00717781402936,1.00717781402936,1.0103840448327,82.275808539625,41,0.115852615305059,"Moderate",0.513866231647635,42,14,TRUE,TRUE,TRUE
"icb","NHS Sussex ICB","NATIONAL_ANALYTICAL_COHORT","NATIONAL_EXCLUDED",156,0,156,2.57128729190704,0,2.57128729190704,100,154.396737357259,1.60326264274062,1.60326264274062,1.0103840448327,82.275808539625,41,0.115852615305059,"Moderate",0.513866231647635,42,14,TRUE,TRUE,TRUE
"icb","NHS West Yorkshire Integrated Care Board","NATIONAL_ANALYTICAL_COHORT","NATIONAL_EXCLUDED",260,1,261,4.28547881984506,1.58730158730159,2.69817723254348,99.6168582375479,258.317618270799,2.68238172920065,1.68238172920064,1.00651284159579,82.275808539625,41,0.115852615305059,"Moderate",0.513866231647635,42,14,TRUE,TRUE,TRUE
"current_ods_status","ACTIVE","NATIONAL_ANALYTICAL_COHORT","NATIONAL_EXCLUDED",6036,62,6098,99.4890390637877,98.4126984126984,1.07634065108928,98.9832732043293,6035.32887438825,62.6711256117455,0.671125611745083,1.00011119950971,1.39103195404762,1,0.0150639309392399,"No clear",0.328874388254486,1,1,TRUE,TRUE,TRUE
"current_ods_status","DORMANT","NATIONAL_ANALYTICAL_COHORT","NATIONAL_EXCLUDED",31,1,32,0.510960936212296,1.58730158730159,-1.07634065108929,96.875,31.6711256117455,0.328874388254486,-0.671125611745513,0.97880954343168,1.39103195404762,1,0.0150639309392399,"No clear",0.328874388254486,1,1,TRUE,TRUE,TRUE
