practice_code_standardised,cbt_inbound_17_raw,cbt_outcome_raw_21_raw,cbt_outcome_nhs_ilr_20_raw,cbt_outcome_raw_21_aligned_to_inbound_17,cbt_outcome_nhs_ilr_20_aligned_to_inbound_17
A81004,2,2,3,3,2
A81012,1,1,1,1,1
A81019,1,3,1,2,1
A81041,1,3,1,2,1
A81618,1,3,1,2,1
A82021,1,3,1,2,1
A82035,1,3,1,2,1
A83003,1,1,1,1,1
A83007,1,1,1,1,1
A83015,1,1,1,1,1
A83016,1,1,1,1,1
A83018,1,3,1,2,1
A83021,1,1,1,1,1
A83023,2,2,3,3,2
A83025,1,1,1,1,1
A83031,1,1,1,1,1
A83033,1,1,1,1,1
A83040,1,1,1,1,1
A83041,1,1,1,1,1
A83044,1,1,1,1,1
A83045,1,1,1,1,1
A83046,1,1,1,1,1
A83047,1,3,1,2,1
A83049,1,1,1,1,1
A83054,2,3,3,2,2
A83071,1,1,1,1,1
A83075,1,1,1,1,1
A83618,2,1,3,1,2
A83636,2,3,3,2,2
A84009,1,3,1,2,1
A84014,1,1,1,1,1
A84016,1,1,1,1,1
A84031,2,3,3,2,2
A84034,1,1,1,1,1
A85002,1,1,1,1,1
A85004,2,2,3,3,2
A85006,2,3,3,2,2
A85009,1,1,1,1,1
A85011,1,1,1,1,1
A85016,1,3,1,2,1
A85019,1,3,1,2,1
A85024,1,1,1,1,1
A85611,1,1,1,1,1
A85614,1,1,1,1,1
A85616,1,1,1,1,1
A86008,1,1,1,1,1
A86012,3,2,2,3,3
A86013,1,3,1,2,1
A86017,1,1,1,1,1
A86018,2,3,3,2,2
A86021,2,2,3,3,2
A86022,1,3,1,2,1
A86026,1,1,1,1,1
A86040,2,3,3,2,2
A87004,1,3,1,2,1
A87008,1,1,1,1,1
A87009,1,1,1,1,1
A87011,1,1,1,1,1
A87012,1,3,1,2,1
A87013,1,1,1,1,1
A87029,1,3,1,2,1
A87030,1,1,1,1,1
A88001,1,1,3,1,2
A88006,1,3,1,2,1
A88013,1,3,1,2,1
A88016,3,1,2,1,3
A88022,2,2,3,3,2
A88025,1,1,1,1,1
A88613,3,1,2,1,3
A89001,3,3,2,2,3
A89002,1,1,1,1,1
A89004,1,3,1,2,1
A89005,1,1,2,1,3
A89007,1,1,1,1,1
A89009,1,1,1,1,1
A89010,1,3,1,2,1
A89012,1,3,1,2,1
A89016,1,3,3,2,2
A89019,2,3,1,2,1
A89020,2,3,3,2,2
A89023,1,1,1,1,1
A89028,1,1,1,1,1
A89030,1,1,1,1,1
A89035,1,1,1,1,1
A89041,1,1,1,1,1
A89617,1,1,1,1,1
B81013,1,3,1,2,1
B81020,1,3,1,2,1
B81022,2,2,3,3,2
B81025,2,2,3,3,2
B81029,1,1,1,1,1
B81034,1,1,1,1,1
B81036,2,2,3,3,2
B81037,1,3,1,2,1
B81043,1,3,1,2,1
B81046,1,1,1,1,1
B81064,1,3,1,2,1
B81082,1,1,1,1,1
B81088,1,3,1,2,1
B81092,1,3,1,2,1
B81616,1,1,1,1,1
B81663,1,1,1,1,1
B82002,2,3,3,2,2
B82005,3,3,2,2,3
B82007,1,1,3,1,2
B82008,1,1,3,1,2
B82011,1,1,1,1,1
B82012,1,3,1,2,1
B82013,3,2,2,3,3
B82014,2,2,3,3,2
B82017,1,1,1,1,1
B82019,1,1,1,1,1
B82021,1,1,1,1,1
B82024,1,1,1,1,1
B82025,1,1,1,1,1
B82030,1,1,1,1,1
B82033,1,1,1,1,1
B82037,1,1,1,1,1
B82041,2,3,3,2,2
B82042,1,1,1,1,1
B82045,1,1,3,1,2
B82047,3,1,2,1,3
B82049,2,3,3,2,2
B82053,3,2,2,3,3
B82054,1,3,1,2,1
B82059,2,2,3,3,2
B82071,1,1,1,1,1
B82074,1,3,1,2,1
B82075,1,3,1,2,1
B82077,1,1,1,1,1
B82080,2,2,3,3,2
B82083,2,2,3,3,2
B82088,1,3,1,2,1
B82097,1,1,1,1,1
B82098,1,1,1,1,1
B82100,1,3,1,2,1
B82628,1,1,1,1,1
B83005,1,1,1,1,1
B83015,1,3,1,2,1
B83018,1,3,1,2,1
B83022,1,1,1,1,1
B83031,1,1,1,1,1
B83034,1,3,1,2,1
B83038,1,3,1,2,1
B83041,1,3,1,2,1
B83042,1,3,1,2,1
B83058,1,3,1,2,1
B83067,1,1,1,1,1
B83620,1,1,1,1,1
B83624,1,3,1,2,1
B83660,1,3,1,2,1
B84003,1,1,1,1,1
B84006,1,3,1,2,1
B84008,2,3,3,2,2
B84013,1,1,1,1,1
B85002,1,1,1,1,1
B85006,1,1,1,1,1
B85015,1,1,1,1,1
B85016,1,1,1,1,1
B85019,1,1,1,1,1
B85022,1,1,1,1,1
B85031,1,1,1,1,1
B85033,2,2,3,3,2
B85038,1,1,1,1,1
B85041,1,1,2,1,3
B85042,1,1,1,1,1
B85048,1,1,1,1,1
B85054,1,3,1,2,1
B85606,1,1,1,1,1
B85619,1,1,1,1,1
B85620,1,1,1,1,1
B85623,2,2,3,3,2
B85646,1,1,1,1,1
B86004,1,1,1,1,1
B86005,1,3,1,2,1
B86006,2,3,3,2,2
B86012,1,3,1,2,1
B86013,3,2,2,3,3
B86018,1,1,1,1,1
B86020,1,1,1,1,1
B86030,2,2,3,3,2
B86035,1,1,1,1,1
B86038,1,3,1,2,1
B86043,1,3,1,2,1
B86052,1,1,1,1,1
B86060,2,2,3,3,2
B86066,2,3,3,2,2
B86068,2,1,3,1,2
B86096,1,1,1,1,1
B86109,3,1,2,1,3
B86658,1,1,1,1,1
B86667,1,1,1,1,1
B87002,2,2,3,3,2
B87006,1,1,1,1,1
B87018,1,1,1,1,1
B87031,1,3,1,2,1
B87044,1,1,1,1,1
C85003,1,3,1,2,1
C85007,1,1,1,1,1
C85017,1,1,1,1,1
C85028,3,1,2,1,3
C85033,1,3,1,2,1
C86001,2,2,3,3,2
C86006,1,1,1,1,1
C86012,1,1,1,1,1
C86025,1,1,1,1,1
C86609,1,3,1,2,1
C86611,1,1,1,1,1
C87009,2,2,3,3,2
C87014,2,2,3,3,2
C87616,2,2,3,3,2
C88007,2,2,3,3,2
C88019,1,3,1,2,1
C88020,1,1,1,1,1
C88022,1,1,1,1,1
C88036,2,3,3,2,2
C88046,2,2,3,3,2
C88652,2,2,3,3,2
D81004,1,1,1,1,1
D81010,3,2,2,3,3
D81013,3,2,2,3,3
D81025,2,2,2,3,3
D81026,1,3,1,2,1
D81027,1,3,1,2,1
D81029,2,3,3,2,2
D81033,1,1,1,1,1
D81035,1,1,1,1,1
D81037,1,2,2,3,3
D81038,1,1,1,1,1
D81042,1,3,1,2,1
D81045,2,2,3,3,2
D81047,1,3,3,2,2
D81050,1,3,1,2,1
D81070,2,2,3,3,2
D81081,1,1,1,1,1
D81607,1,1,1,1,1
D81611,2,2,3,3,2
D81630,3,1,2,1,3
D82009,2,2,3,3,2
D82011,1,1,1,1,1
D82015,2,3,3,2,2
D82023,1,3,1,2,1
D82030,1,1,1,1,1
D82037,1,3,1,2,1
D82039,1,3,1,2,1
D82040,1,1,1,1,1
D82043,1,3,1,2,1
D82068,1,1,1,1,1
D82079,1,1,1,1,1
D82087,1,1,1,1,1
D82600,1,1,1,1,1
D83001,2,1,3,1,2
D83008,2,3,3,2,2
D83009,1,3,1,2,1
D83017,2,3,3,2,2
D83037,2,2,3,3,2
D83040,1,1,1,1,1
D83045,2,2,3,3,2
D83049,1,1,1,1,1
D83050,3,3,2,2,3
D83053,1,1,1,1,1
D83056,1,3,1,2,1
D83075,1,1,1,1,1
D83076,1,1,2,1,3
D83080,2,2,3,3,2
D83084,2,2,3,3,2
E81002,2,2,3,3,2
E81003,2,3,3,2,2
E81004,1,3,1,2,1
E81006,2,3,3,2,2
E81008,1,3,1,2,1
E81009,1,3,1,2,1
E81010,2,2,3,3,2
E81012,1,3,1,2,1
E81013,3,2,2,3,3
E81014,1,3,1,2,1
E81019,2,2,3,3,2
E81021,2,3,3,2,2
E81022,3,3,2,2,3
E81030,3,2,2,3,3
E81031,1,3,1,2,1
E81035,1,3,1,2,1
E81037,2,2,3,3,2
E81044,3,3,2,2,3
E81046,1,3,1,2,1
E81047,2,3,3,2,2
E81049,1,1,1,1,1
E81050,1,1,1,1,1
E81052,1,1,1,1,1
E81057,3,2,2,3,3
E81074,1,3,1,2,1
E81617,2,2,3,3,2
E82001,2,2,3,3,2
E82002,1,3,1,2,1
E82004,3,2,2,3,3
E82005,2,3,3,2,2
E82006,2,3,3,2,2
E82007,2,3,3,2,2
E82009,3,2,2,3,3
E82013,2,2,3,3,2
E82014,2,2,3,3,2
E82015,1,3,1,2,1
E82018,1,3,1,2,1
E82019,1,3,1,2,1
E82020,1,1,1,1,1
E82022,3,2,2,3,3
E82024,2,2,3,3,2
E82035,3,2,2,3,3
E82037,3,2,2,3,3
E82041,1,1,1,1,1
E82043,2,3,3,2,2
E82044,1,3,1,2,1
E82050,1,1,1,1,1
E82051,2,2,3,3,2
E82053,1,3,1,2,1
E82059,1,1,1,1,1
E82060,3,2,2,3,3
E82061,1,3,1,2,1
E82068,1,3,1,2,1
E82073,2,2,3,3,2
E82074,2,2,3,3,2
E82075,2,3,3,2,2
E82078,1,3,1,2,1
E82079,1,1,1,1,1
E82086,1,3,1,2,1
E82091,3,3,2,2,3
E82092,1,1,1,1,1
E82098,1,1,1,1,1
E82100,2,2,3,3,2
E82102,1,3,1,2,1
E82106,2,2,3,3,2
E82107,2,2,3,3,2
E82111,1,3,1,2,1
E82113,1,1,1,1,1
E82115,1,3,1,2,1
E82117,2,2,3,3,2
E82121,1,1,1,1,1
E82123,3,2,2,3,3
E82124,1,3,1,2,1
E82132,1,1,1,1,1
E82133,1,3,1,2,1
E82638,1,3,1,2,1
E82654,1,3,1,2,1
E82655,2,3,3,2,2
E83003,1,3,1,2,1
E83005,2,2,3,3,2
E83006,2,2,3,3,2
E83008,1,1,1,1,1
E83010,2,2,3,3,2
E83011,2,2,3,3,2
E83016,2,3,3,2,2
E83017,2,2,3,3,2
E83018,2,2,3,3,2
E83020,2,2,3,3,2
E83021,2,2,3,3,2
E83024,2,2,3,3,2
E83025,1,3,1,2,1
E83026,3,2,2,3,3
E83028,3,1,2,1,3
E83030,1,3,1,2,1
E83031,2,2,3,3,2
E83032,3,2,2,3,3
E83034,3,2,2,3,3
E83035,2,2,3,3,2
E83039,3,2,2,3,3
E83041,3,2,2,3,3
E83044,3,2,2,3,3
E83046,3,3,2,2,3
E83050,2,2,3,3,2
E83053,2,3,3,2,2
E83600,1,1,1,1,1
E83613,2,3,3,2,2
E83621,3,2,2,3,3
E83622,3,2,2,3,3
E83638,3,2,2,3,3
E83649,1,1,1,1,1
E83653,3,1,2,1,3
E83668,1,1,1,1,1
E84003,2,2,3,3,2
E84005,1,1,1,1,1
E84006,2,3,1,2,1
E84009,2,2,3,3,2
E84012,1,1,1,1,1
E84014,2,2,3,3,2
E84015,2,2,3,3,2
E84017,1,1,1,1,1
E84020,2,2,3,3,2
E84022,3,1,2,1,3
E84024,2,3,3,2,2
E84030,3,1,2,1,3
E84031,2,2,3,3,2
E84039,1,1,1,1,1
E84040,3,1,2,1,3
E84042,3,1,2,1,3
E84048,3,1,2,1,3
E84051,3,2,2,3,3
E84058,3,2,2,3,3
E84062,1,1,1,1,1
E84063,3,1,2,1,3
E84067,1,3,1,2,1
E84068,2,2,3,3,2
E84069,2,2,3,3,2
E84070,3,1,2,1,3
E84074,3,2,2,3,3
E84076,3,2,2,3,3
E84080,3,1,2,1,3
E84083,1,1,1,1,1
E84086,3,1,2,1,3
E84617,3,3,2,2,3
E84620,3,2,2,3,3
E84645,2,2,3,3,2
E84647,3,1,2,1,3
E84658,3,1,2,1,3
E84674,3,1,2,1,3
E84678,3,1,2,1,3
E84680,3,2,2,3,3
E84684,3,1,2,1,3
E84685,1,3,1,2,1
E84702,1,1,1,1,1
E85001,3,1,2,1,3
E85004,3,2,2,3,3
E85007,2,2,3,3,2
E85012,1,1,1,1,1
E85013,1,1,1,1,1
E85015,1,3,1,2,1
E85019,2,3,3,2,2
E85021,3,1,2,1,3
E85023,1,3,1,2,1
E85028,3,3,2,2,3
E85035,3,1,2,1,3
E85042,1,1,1,1,1
E85046,1,1,1,1,1
E85050,3,1,2,1,3
E85051,1,3,1,2,1
E85052,2,2,3,3,2
E85054,1,1,1,1,1
E85057,1,3,1,2,1
E85061,3,1,2,1,3
E85064,1,1,1,1,1
E85071,1,1,1,1,1
E85075,2,2,3,3,2
E85083,1,1,1,1,1
E85088,1,1,1,1,1
E85090,1,1,1,1,1
E85096,3,1,2,1,3
E85099,3,1,2,1,3
E85107,2,2,3,3,2
E85115,1,1,1,1,1
E85119,1,1,1,1,1
E85121,3,2,2,3,3
E85126,3,1,2,1,3
E85128,2,2,3,3,2
E85129,3,1,2,1,3
E85130,3,1,2,1,3
E85605,2,2,3,3,2
E85623,1,1,1,1,1
E85635,1,1,1,1,1
E85640,3,1,2,1,3
E85656,1,1,1,1,1
E85657,2,2,3,3,2
E85685,2,2,3,3,2
E85687,3,1,2,1,3
E85693,2,2,3,3,2
E85696,2,3,3,2,2
E85699,1,1,1,1,1
E85708,1,3,1,2,1
E85712,1,1,1,1,1
E85713,3,2,2,3,3
E85715,1,1,1,1,1
E85734,3,1,2,1,3
E85735,3,2,2,3,3
E85743,1,3,1,2,1
E85745,1,1,1,1,1
E85750,3,1,2,1,3
E86006,3,2,2,3,3
E86007,3,1,2,1,3
E86009,3,1,2,1,3
E86012,2,3,3,2,2
E86014,2,2,3,3,2
E86015,1,3,1,2,1
E86019,3,1,2,1,3
E86020,3,1,2,1,3
E86026,3,2,2,3,3
E86029,3,2,2,3,3
E86036,2,2,3,3,2
E86038,1,1,1,1,1
E86042,3,1,2,1,3
E86605,3,1,2,1,3
E86609,3,1,2,1,3
E86610,3,1,2,1,3
E86618,2,2,3,3,2
E86632,1,1,2,1,3
E86640,1,1,1,1,1
E87002,3,1,2,1,3
E87003,1,1,1,1,1
E87008,3,2,2,3,3
E87011,3,2,2,3,3
E87016,1,1,1,1,1
E87021,1,1,1,1,1
E87024,1,1,1,1,1
E87029,3,1,2,1,3
E87034,2,2,3,3,2
E87043,3,2,2,3,3
E87048,3,1,2,1,3
E87061,1,1,1,1,1
E87065,1,1,1,1,1
E87066,3,2,2,3,3
E87609,2,2,3,3,2
E87637,1,1,1,1,1
E87663,1,1,1,1,1
E87665,1,1,1,1,1
E87706,1,1,1,1,1
E87715,3,1,2,1,3
E87720,2,2,3,3,2
E87733,1,1,1,1,1
E87741,3,1,2,1,3
E87745,3,2,2,3,3
E87751,1,1,1,1,1
E87753,3,1,2,1,3
E87762,3,1,1,1,1
F81004,1,1,1,1,1
F81007,1,3,1,2,1
F81020,1,1,1,1,1
F81022,2,2,3,3,2
F81023,2,3,3,2,2
F81025,2,2,3,3,2
F81030,1,3,1,2,1
F81032,1,1,1,1,1
F81038,1,1,1,1,1
F81041,1,3,1,2,1
F81046,1,3,1,2,1
F81047,1,3,1,2,1
F81049,1,3,1,2,1
F81051,1,3,1,2,1
F81057,2,3,3,2,2
F81068,2,2,3,3,2
F81075,1,3,1,2,1
F81080,2,2,3,3,2
F81085,1,3,1,2,1
F81089,1,1,1,1,1
F81092,1,1,1,1,1
F81096,1,3,1,2,1
F81098,1,3,1,2,1
F81100,2,2,3,3,2
F81101,1,1,1,1,1
F81102,1,1,1,1,1
F81108,3,3,2,2,3
F81113,3,2,2,3,3
F81114,1,1,1,1,1
F81118,2,3,1,2,1
F81128,2,3,3,2,2
F81130,1,1,1,1,1
F81132,2,3,3,2,2
F81136,1,1,1,1,1
F81137,1,3,1,2,1
F81147,1,1,1,1,1
F81149,1,3,1,2,1
F81152,1,3,1,2,1
F81153,2,2,3,3,2
F81163,2,2,3,3,2
F81186,3,1,2,1,3
F81192,3,2,2,3,3
F81219,2,2,3,3,2
F81613,1,1,1,1,1
F81618,1,1,1,1,1
F81666,3,2,2,3,3
F81730,2,3,3,2,2
F81732,2,2,3,3,2
F81739,2,2,3,3,2
F81741,1,3,1,2,1
F82006,1,1,1,1,1
F82008,3,2,2,3,3
F82009,1,3,1,2,1
F82010,1,1,1,1,1
F82013,1,3,1,2,1
F82016,3,2,2,3,3
F82019,1,1,1,1,1
F82022,1,1,1,1,1
F82028,3,1,2,1,3
F82030,1,1,1,1,1
F82033,1,1,1,1,1
F82055,3,1,2,1,3
F82604,1,1,1,1,1
F82610,3,1,2,1,3
F82624,1,3,1,2,1
F82627,3,1,2,1,3
F82630,3,3,1,2,1
F82634,3,2,2,3,3
F82642,3,3,1,2,1
F82647,3,2,2,3,3
F82648,1,3,1,2,1
F82649,1,1,1,1,1
F82660,2,3,3,2,2
F82670,3,1,2,1,3
F82671,3,1,2,1,3
F82675,1,1,1,1,1
F82677,1,1,1,1,1
F82686,3,1,2,1,3
F83002,2,2,3,3,2
F83011,3,1,2,1,3
F83012,2,2,3,3,2
F83015,2,2,3,3,2
F83018,1,1,1,1,1
F83019,2,2,3,3,2
F83020,3,2,2,3,3
F83022,3,2,2,3,3
F83032,3,2,2,3,3
F83033,2,2,3,3,2
F83034,3,1,2,1,3
F83039,3,1,2,1,3
F83045,3,2,2,3,3
F83053,3,2,2,3,3
F83055,3,2,2,3,3
F83057,3,2,2,3,3
F83058,3,2,2,3,3
F83660,3,3,2,2,3
F83664,2,2,3,3,2
F83665,3,2,2,3,3
F83673,3,1,2,1,3
F83674,3,2,2,3,3
F83678,1,3,1,2,1
F83680,3,2,2,3,3
F83681,3,2,2,3,3
F83686,3,1,2,1,3
F84004,2,2,3,3,2
F84006,3,3,2,2,3
F84008,3,2,2,3,3
F84009,3,2,2,3,3
F84010,3,3,2,2,3
F84012,3,2,2,3,3
F84013,2,3,3,2,2
F84016,2,2,3,3,2
F84017,3,2,2,3,3
F84018,2,2,3,3,2
F84022,3,1,2,1,3
F84025,3,2,2,3,3
F84031,2,2,3,3,2
F84033,3,1,2,1,3
F84035,2,2,3,3,2
F84036,3,2,2,3,3
F84047,3,2,2,3,3
F84050,3,2,2,3,3
F84051,2,2,3,3,2
F84052,3,1,2,1,3
F84053,3,1,2,1,3
F84054,1,1,1,1,1
F84062,3,2,2,3,3
F84069,3,2,2,3,3
F84070,3,2,2,3,3
F84072,2,2,3,3,2
F84074,3,2,2,3,3
F84079,3,2,2,3,3
F84081,3,2,2,3,3
F84083,3,3,2,2,3
F84086,1,1,1,1,1
F84088,3,2,2,3,3
F84092,3,2,2,3,3
F84093,3,2,2,3,3
F84096,2,2,3,3,2
F84097,3,3,2,2,3
F84105,3,2,2,3,3
F84111,1,1,2,1,3
F84114,3,2,2,3,3
F84115,3,2,2,3,3
F84119,3,2,2,3,3
F84121,3,2,2,3,3
F84123,3,2,2,3,3
F84619,1,3,1,2,1
F84620,2,1,3,1,2
F84621,2,1,3,1,2
F84636,2,2,3,3,2
F84647,3,2,2,3,3
F84658,3,1,2,1,3
F84669,3,1,2,1,3
F84670,3,1,2,1,3
F84672,3,2,2,3,3
F84698,2,2,3,3,2
F84710,3,2,2,3,3
F84716,3,2,2,3,3
F84718,3,2,2,3,3
F84730,3,2,2,3,3
F84731,2,2,3,3,2
F84740,3,1,2,1,3
F84747,3,2,2,3,3
F85008,3,2,2,3,3
F85014,3,1,2,1,3
F85019,3,2,2,3,3
F85020,2,2,3,3,2
F85033,1,3,1,2,1
F85039,1,1,1,1,1
F85063,1,1,1,1,1
F85069,2,2,3,3,2
F85072,1,1,1,1,1
F85615,3,1,2,1,3
F85623,3,3,2,2,3
F85625,3,1,2,1,3
F85634,3,2,2,3,3
F85640,3,2,2,3,3
F85642,3,2,2,3,3
F85666,3,2,2,3,3
F85676,3,2,2,3,3
F85688,2,2,3,3,2
F85700,3,2,2,3,3
F85701,3,3,2,2,3
F85705,2,2,3,3,2
F86005,3,2,2,3,3
F86006,3,2,2,3,3
F86007,3,3,1,2,1
F86008,3,3,2,2,3
F86011,3,2,2,3,3
F86020,1,1,1,1,1
F86025,3,3,2,2,3
F86030,1,1,1,1,1
F86032,1,3,1,2,1
F86038,3,2,2,3,3
F86040,1,1,1,1,1
F86057,2,3,3,2,2
F86062,3,1,2,1,3
F86064,1,1,1,1,1
F86066,2,2,3,3,2
F86074,3,2,2,3,3
F86078,2,3,3,2,2
F86082,1,3,1,2,1
F86086,3,1,2,1,3
F86087,3,3,2,2,3
F86607,2,2,3,3,2
F86616,3,2,2,3,3
F86621,3,1,2,1,3
F86625,3,3,1,2,1
F86626,3,1,2,1,3
F86627,3,2,2,3,3
F86638,1,1,1,1,1
F86641,3,1,2,1,3
F86644,3,2,2,3,3
F86652,1,1,1,1,1
F86657,3,1,2,1,3
F86658,3,2,2,3,3
F86664,1,3,1,2,1
F86691,3,1,1,1,1
F86692,1,1,1,1,1
F86702,1,1,1,1,1
F86707,3,1,2,1,3
F86708,1,1,1,1,1
F86712,3,1,2,1,3
F86731,3,2,2,3,3
G81012,1,3,1,2,1
G81018,1,3,1,2,1
G81034,3,3,2,2,3
G81036,3,1,2,1,3
G81039,1,3,1,2,1
G81046,2,3,3,2,2
G81073,2,3,3,2,2
G81088,1,1,1,1,1
G81100,1,3,1,2,1
G81102,2,2,3,3,2
G81669,1,1,1,1,1
G82002,1,3,1,2,1
G82007,1,3,1,2,1
G82027,1,3,1,2,1
G82028,3,3,2,2,3
G82032,3,2,2,3,3
G82037,1,3,1,2,1
G82042,1,3,1,2,1
G82044,3,3,2,2,3
G82051,3,3,2,2,3
G82056,2,2,3,3,2
G82059,1,3,1,2,1
G82060,3,3,2,2,3
G82066,2,3,3,2,2
G82073,2,3,3,2,2
G82074,2,3,3,2,2
G82077,3,3,2,2,3
G82080,3,2,2,3,3
G82082,3,2,2,3,3
G82083,3,2,2,3,3
G82085,2,2,3,3,2
G82089,1,1,1,1,1
G82092,1,3,3,2,2
G82095,3,2,2,3,3
G82105,1,1,1,1,1
G82107,2,3,3,2,2
G82110,1,3,1,2,1
G82111,2,2,3,3,2
G82118,2,3,3,2,2
G82120,1,3,1,2,1
G82126,1,3,1,2,1
G82140,3,2,2,3,3
G82142,1,3,1,2,1
G82143,1,3,1,2,1
G82147,1,3,1,2,1
G82150,3,3,2,2,3
G82152,1,3,1,2,1
G82154,1,3,1,2,1
G82155,2,2,3,3,2
G82161,3,2,2,3,3
G82162,2,3,3,2,2
G82165,2,3,3,2,2
G82224,1,1,1,1,1
G82226,1,1,1,1,1
G82235,1,3,1,2,1
G82665,1,3,1,2,1
G82666,1,3,1,2,1
G82684,2,2,3,3,2
G82702,1,3,1,2,1
G82763,1,1,1,1,1
G82802,3,1,2,1,3
G82808,1,1,1,1,1
G83001,3,2,2,3,3
G83002,3,2,2,3,3
G83004,1,3,1,2,1
G83010,3,2,2,3,3
G83013,3,3,2,2,3
G83015,1,1,1,1,1
G83019,3,2,2,3,3
G83021,3,2,2,3,3
G83026,3,2,2,3,3
G83027,3,2,2,3,3
G83031,2,2,3,3,2
G83039,3,3,2,2,3
G83044,2,2,3,3,2
G83046,2,2,3,3,2
G83052,3,2,2,3,3
G83053,3,2,2,3,3
G83058,3,2,2,3,3
G83062,3,2,2,3,3
G83065,2,2,3,3,2
G83066,3,3,2,2,3
G83067,3,3,2,2,3
G83628,2,2,3,3,2
G83630,3,2,2,3,3
G83635,3,1,2,1,3
G83647,3,1,2,1,3
G83654,3,1,2,1,3
G83673,3,1,2,1,3
G83680,3,2,2,3,3
G84001,2,2,2,3,3
G84002,2,2,2,3,3
G84003,3,2,3,3,2
G84004,2,2,3,3,2
G84005,2,2,3,3,2
G84006,3,3,2,2,3
G84007,2,2,3,3,2
G84008,3,1,2,1,3
G84009,2,2,3,3,2
G84010,3,2,2,3,3
G84011,3,2,2,3,3
G84013,3,2,2,3,3
G84015,2,2,3,3,2
G84016,3,2,2,3,3
G84017,2,2,3,3,2
G84019,2,2,3,3,2
G84020,3,2,2,3,3
G84029,3,3,2,2,3
G84030,2,3,3,2,2
G84032,2,3,3,2,2
G84033,1,3,1,2,1
G84040,2,2,3,3,2
G84041,3,1,2,1,3
G84604,3,1,2,1,3
G84607,2,3,3,2,2
G84624,3,1,2,1,3
G84627,1,3,1,2,1
G84629,3,2,2,3,3
G84630,3,1,2,1,3
G85004,3,2,2,3,3
G85006,2,3,3,2,2
G85014,2,2,3,3,2
G85016,3,2,2,3,3
G85019,3,2,2,3,3
G85024,3,2,2,3,3
G85025,3,2,2,3,3
G85026,3,2,2,3,3
G85028,3,1,2,1,3
G85030,3,2,2,3,3
G85032,3,1,2,1,3
G85034,3,2,2,3,3
G85038,3,2,2,3,3
G85041,3,1,2,1,3
G85042,3,1,2,1,3
G85044,3,1,2,1,3
G85051,3,2,2,3,3
G85052,3,1,1,1,1
G85053,3,2,2,3,3
G85057,3,2,2,3,3
G85076,3,2,2,3,3
G85083,3,2,3,3,2
G85086,3,2,2,3,3
G85100,2,2,3,3,2
G85104,3,2,2,3,3
G85109,3,2,2,3,3
G85119,3,2,2,3,3
G85121,3,3,2,2,3
G85123,3,2,2,3,3
G85127,2,2,3,3,2
G85130,2,2,3,3,2
G85132,3,2,2,3,3
G85134,3,1,2,1,3
G85135,2,2,3,3,2
G85136,2,2,3,3,2
G85138,3,2,2,3,3
G85632,3,2,2,3,3
G85633,3,2,2,3,3
G85642,2,2,3,3,2
G85662,3,1,2,1,3
G85673,3,2,2,3,3
G85681,3,1,2,1,3
G85685,3,1,2,1,3
G85696,3,2,2,3,3
G85698,3,2,2,3,3
G85708,2,2,3,3,2
G85716,3,2,2,3,3
G85721,3,2,2,3,3
G85726,3,1,2,1,3
H81010,2,2,3,3,2
H81013,3,2,2,3,3
H81017,1,1,1,1,1
H81022,1,1,1,1,1
H81024,2,2,3,3,2
H81027,2,2,3,3,2
H81028,2,2,3,3,2
H81029,3,2,2,3,3
H81030,2,2,3,3,2
H81032,2,2,3,3,2
H81033,2,2,3,3,2
H81034,2,2,3,3,2
H81036,2,2,3,3,2
H81039,3,2,2,3,3
H81042,2,2,3,3,2
H81043,3,2,2,3,3
H81046,3,2,2,3,3
H81047,1,1,1,1,1
H81050,2,2,3,3,2
H81051,2,2,3,3,2
H81052,2,2,3,3,2
H81055,1,1,1,1,1
H81058,1,1,1,1,1
H81064,2,2,3,3,2
H81065,2,2,3,3,2
H81067,1,1,1,1,1
H81069,2,2,3,3,2
H81070,2,2,3,3,2
H81071,2,2,3,3,2
H81072,3,2,2,3,3
H81073,2,3,3,2,2
H81075,2,3,3,2,2
H81080,1,3,1,2,1
H81082,2,2,3,3,2
H81089,2,2,3,3,2
H81090,2,2,3,3,2
H81091,1,3,1,2,1
H81094,2,2,3,3,2
H81095,3,2,2,3,3
H81103,3,2,2,3,3
H81104,1,3,1,2,1
H81107,1,1,1,1,1
H81109,2,2,3,3,2
H81113,1,3,1,2,1
H81116,1,1,1,1,1
H81122,3,2,2,3,3
H81126,2,2,3,3,2
H81131,1,1,1,1,1
H81133,3,2,2,3,3
H81615,3,2,2,3,3
H81644,3,2,2,3,3
H81656,1,1,1,1,1
H81658,1,1,1,1,1
H81663,2,2,3,3,2
H82004,1,1,1,1,1
H82005,2,2,3,3,2
H82007,1,3,1,2,1
H82011,2,2,3,3,2
H82013,2,3,3,2,2
H82017,2,2,3,3,2
H82022,2,3,3,2,2
H82023,2,3,1,2,1
H82026,2,2,3,3,2
H82028,1,3,1,2,1
H82035,2,3,3,2,2
H82036,2,3,3,2,2
H82037,1,3,1,2,1
H82038,2,2,3,3,2
H82042,1,3,1,2,1
H82045,1,3,1,2,1
H82046,1,3,1,2,1
H82047,2,2,3,3,2
H82049,3,1,2,1,3
H82055,2,2,2,3,3
H82059,1,3,1,2,1
H82060,3,2,2,3,3
H82061,1,1,1,1,1
H82063,2,2,3,3,2
H82065,1,3,1,2,1
H82067,2,2,3,3,2
H82070,1,1,1,1,1
H82078,1,3,1,2,1
H82088,1,1,1,1,1
H82089,2,2,3,3,2
H82091,3,2,2,3,3
H82092,1,1,1,1,1
H82096,1,1,1,1,1
H82099,2,3,3,2,2
H82100,1,3,1,2,1
H82640,2,2,3,3,2
H83009,1,3,1,2,1
H83011,2,2,3,3,2
H83012,2,2,3,3,2
H83013,3,2,2,3,3
H83020,3,2,2,3,3
H83021,2,2,3,3,2
H83023,3,1,1,1,1
H83033,1,3,1,2,1
H83042,3,3,2,2,3
H83044,3,2,2,3,3
H83608,3,3,2,2,3
H83609,2,2,3,3,2
H83611,2,2,3,3,2
H83627,3,1,2,1,3
H84005,3,2,2,3,3
H84015,2,2,2,3,3
H84016,3,2,2,3,3
H84017,1,1,1,1,1
H84018,1,3,1,2,1
H84020,2,2,3,3,2
H84030,2,2,3,3,2
H84033,1,3,1,2,1
H84040,3,2,2,3,3
H84041,3,2,2,3,3
H84042,2,2,3,3,2
H84044,3,1,2,1,3
H84062,2,2,3,3,2
H84618,1,1,1,1,1
H84619,2,2,3,3,2
H84639,3,2,2,3,3
H85003,3,1,2,1,3
H85012,3,2,2,3,3
H85018,3,2,2,3,3
H85020,2,3,3,2,2
H85022,3,2,2,3,3
H85023,2,2,3,3,2
H85024,3,1,2,1,3
H85025,1,1,1,1,1
H85028,3,2,2,3,3
H85029,3,2,2,3,3
H85030,3,1,2,1,3
H85031,3,1,2,1,3
H85033,2,2,3,3,2
H85037,3,2,2,3,3
H85038,2,2,3,3,2
H85041,2,2,3,3,2
H85053,3,2,2,3,3
H85061,3,2,2,3,3
H85063,1,3,1,2,1
H85067,1,1,1,1,1
H85070,3,2,2,3,3
H85076,3,1,2,1,3
H85077,3,1,2,1,3
H85090,3,3,2,2,3
H85092,3,1,2,1,3
H85095,2,2,3,3,2
H85103,2,2,3,3,2
H85105,1,1,1,1,1
H85110,1,3,1,2,1
H85113,3,2,2,3,3
H85116,3,2,2,3,3
H85618,2,2,3,3,2
H85634,2,2,3,3,2
H85637,3,2,2,3,3
H85649,3,2,2,3,3
H85653,3,2,2,3,3
H85659,3,2,2,3,3
H85662,1,1,1,1,1
H85680,3,2,2,3,3
H85682,3,2,2,3,3
H85683,3,2,2,3,3
J81002,1,3,1,2,1
J81019,2,3,3,2,2
J81028,1,3,1,2,1
J81030,1,1,1,1,1
J81034,3,3,1,2,1
J81051,2,3,3,2,2
J81058,1,1,1,1,1
J81061,1,3,1,2,1
J81064,1,1,1,1,1
J81076,2,3,3,2,2
J81077,1,3,1,2,1
J81081,2,3,3,2,2
J81086,1,1,1,1,1
J81620,2,2,3,3,2
J81621,1,1,1,1,1
J81647,1,1,1,1,1
J82002,2,2,3,3,2
J82005,1,1,1,1,1
J82009,2,2,3,3,2
J82010,2,3,3,2,2
J82016,1,1,1,1,1
J82018,2,2,3,3,2
J82021,2,3,3,2,2
J82024,3,3,2,2,3
J82034,1,1,3,1,2
J82039,2,3,3,2,2
J82042,2,2,3,3,2
J82049,2,2,3,3,2
J82058,3,3,2,2,3
J82060,2,3,3,2,2
J82061,2,2,3,3,2
J82062,1,1,1,1,1
J82066,2,3,3,2,2
J82067,2,2,2,3,3
J82069,2,3,3,2,2
J82071,3,1,2,1,3
J82073,1,3,1,2,1
J82074,1,3,1,2,1
J82075,1,1,1,1,1
J82076,2,3,3,2,2
J82079,2,2,3,3,2
J82080,3,2,2,3,3
J82081,1,3,1,2,1
J82087,1,1,1,1,1
J82088,2,2,2,3,3
J82098,2,3,3,2,2
J82099,2,2,3,3,2
J82102,2,2,3,3,2
J82110,2,2,2,3,3
J82112,1,3,1,2,1
J82119,3,1,2,1,3
J82120,2,2,3,3,2
J82121,2,2,3,3,2
J82124,1,1,2,1,3
J82125,1,1,1,1,1
J82128,1,3,1,2,1
J82129,1,1,1,1,1
J82131,2,2,3,3,2
J82132,1,3,1,2,1
J82134,2,3,3,2,2
J82142,1,3,1,2,1
J82144,2,2,3,3,2
J82149,2,3,1,2,1
J82150,2,2,3,3,2
J82151,1,1,1,1,1
J82155,1,3,1,2,1
J82163,2,2,3,3,2
J82178,2,2,3,3,2
J82194,3,2,2,3,3
J82196,2,2,3,3,2
J82198,1,3,1,2,1
J82199,3,2,2,3,3
J82201,1,3,3,2,2
J82207,1,1,2,1,3
J82208,1,1,1,1,1
J82640,1,1,1,1,1
J82646,1,3,1,2,1
J83006,1,1,1,1,1
J83009,1,3,1,2,1
J83011,2,2,3,3,2
J83013,2,2,3,3,2
J83018,2,2,3,3,2
J83029,1,1,1,1,1
J83030,2,3,3,2,2
J83039,1,3,1,2,1
J83040,2,3,1,2,1
J83041,1,3,1,2,1
J83043,1,3,1,2,1
J83045,1,1,1,1,1
J83055,1,1,1,1,1
J83058,1,1,1,1,1
J83625,1,1,1,1,1
J84013,1,3,1,2,1
J84016,1,3,1,2,1
J84019,1,3,1,2,1
K81001,2,2,3,3,2
K81002,2,2,3,3,2
K81003,1,3,1,2,1
K81004,2,2,3,3,2
K81007,3,2,2,3,3
K81014,3,2,2,3,3
K81020,3,2,2,3,3
K81022,2,2,3,3,2
K81025,1,1,1,1,1
K81027,1,1,1,1,1
K81030,2,2,3,3,2
K81034,3,2,2,3,3
K81040,1,3,1,2,1
K81042,3,2,2,3,3
K81043,1,3,1,2,1
K81047,3,2,2,3,3
K81050,1,1,1,1,1
K81052,1,1,3,1,2
K81057,1,1,1,1,1
K81062,3,2,2,3,3
K81063,1,1,1,1,1
K81068,1,2,1,3,1
K81069,1,1,1,1,1
K81074,3,2,2,3,3
K81077,2,3,3,2,2
K81078,3,1,2,1,3
K81080,1,1,1,1,1
K81082,3,2,2,3,3
K81083,3,2,2,3,3
K81084,2,2,3,3,2
K81085,3,3,2,2,3
K81086,1,1,1,1,1
K81092,1,3,1,2,1
K81102,2,2,3,3,2
K81605,3,2,2,3,3
K81610,2,3,3,2,2
K81616,3,1,2,1,3
K81630,2,2,2,3,3
K81633,3,2,2,3,3
K81636,1,3,1,2,1
K81645,3,1,2,1,3
K82001,2,2,3,3,2
K82003,3,2,2,3,3
K82004,2,2,3,3,2
K82009,1,3,1,2,1
K82012,1,1,1,1,1
K82013,1,3,1,2,1
K82017,1,1,1,1,1
K82019,3,3,2,2,3
K82020,1,1,1,1,1
K82021,2,3,3,2,2
K82022,2,2,3,3,2
K82023,1,3,1,2,1
K82025,1,1,1,1,1
K82026,2,3,3,2,2
K82027,1,3,1,2,1
K82028,2,2,3,3,2
K82032,2,2,3,3,2
K82038,3,3,2,2,3
K82039,1,1,1,1,1
K82044,3,3,2,2,3
K82047,3,2,2,3,3
K82051,1,3,1,2,1
K82053,2,3,3,2,2
K82057,1,3,3,2,2
K82058,3,1,2,1,3
K82061,1,1,1,1,1
K82064,1,3,1,2,1
K82068,1,1,1,1,1
K82070,2,3,3,2,2
K82073,2,3,3,2,2
K82079,3,2,2,3,3
K82615,2,2,3,3,2
K82631,2,2,3,3,2
K84004,2,2,3,3,2
K84006,2,3,3,2,2
K84007,2,3,3,2,2
K84009,3,2,2,3,3
K84010,1,3,1,2,1
K84011,3,2,2,3,3
K84012,1,3,1,2,1
K84013,3,2,2,3,3
K84014,1,1,1,1,1
K84017,3,3,2,2,3
K84019,2,2,3,3,2
K84020,1,1,1,1,1
K84023,2,1,3,1,2
K84024,2,3,3,2,2
K84028,3,3,2,2,3
K84034,1,1,1,1,1
K84035,1,1,1,1,1
K84036,1,1,1,1,1
K84038,2,2,3,3,2
K84047,1,1,1,1,1
K84051,2,3,3,2,2
K84054,3,1,2,1,3
K84055,3,2,2,3,3
K84056,1,1,1,1,1
K84058,1,1,1,1,1
K84059,2,2,3,3,2
K84062,1,1,1,1,1
K84063,3,1,2,1,3
K84071,2,2,3,3,2
K84072,2,3,3,2,2
K84080,2,2,3,3,2
K84613,3,2,2,3,3
K84618,1,1,1,1,1
L81004,3,2,2,3,3
L81008,2,2,3,3,2
L81009,1,1,1,1,1
L81013,1,3,1,2,1
L81017,1,3,1,2,1
L81018,2,2,3,3,2
L81019,3,2,2,3,3
L81021,2,2,3,3,2
L81022,3,1,2,1,3
L81024,2,2,3,3,2
L81026,3,2,2,3,3
L81029,3,1,2,1,3
L81031,1,3,1,2,1
L81034,1,1,1,1,1
L81037,3,2,2,3,3
L81038,3,2,2,3,3
L81040,2,2,3,3,2
L81041,1,1,1,1,1
L81042,2,3,3,2,2
L81044,3,2,2,3,3
L81045,2,3,3,2,2
L81050,1,3,1,2,1
L81051,1,3,1,2,1
L81053,2,3,3,2,2
L81054,1,3,1,2,1
L81055,3,1,1,1,1
L81061,3,2,2,3,3
L81062,3,3,2,2,3
L81063,3,3,1,2,1
L81065,2,2,3,3,2
L81066,3,2,2,3,3
L81070,2,3,3,2,2
L81075,3,2,2,3,3
L81078,3,1,2,1,3
L81082,3,2,2,3,3
L81083,1,1,1,1,1
L81084,2,2,3,3,2
L81085,1,1,3,1,2
L81089,3,3,2,2,3
L81090,3,2,2,3,3
L81091,3,2,2,3,3
L81098,3,1,2,1,3
L81103,1,3,1,2,1
L81106,1,1,3,1,2
L81118,2,3,3,2,2
L81125,2,2,3,3,2
L81130,1,3,1,2,1
L81131,1,1,1,1,1
L81600,3,1,2,1,3
L81642,1,3,1,2,1
L82003,2,2,3,3,2
L82007,1,3,1,2,1
L82012,2,3,3,2,2
L82016,2,2,3,3,2
L82023,2,2,3,3,2
L82029,2,2,3,3,2
L82030,2,2,3,3,2
L82035,1,1,1,1,1
L82039,1,1,1,1,1
L82047,1,1,1,1,1
L82052,2,2,3,3,2
L82058,1,1,1,1,1
L82066,2,3,3,2,2
L82622,1,1,1,1,1
L83011,1,3,1,2,1
L83012,1,1,1,1,1
L83014,1,3,1,2,1
L83016,3,2,2,3,3
L83024,1,1,2,1,3
L83025,2,2,3,3,2
L83029,2,3,3,2,2
L83030,2,2,3,3,2
L83036,2,2,3,3,2
L83038,2,1,3,1,2
L83039,2,2,3,3,2
L83040,1,2,1,3,1
L83041,1,1,1,1,1
L83067,1,3,1,2,1
L83085,1,1,1,1,1
L83094,2,2,3,3,2
L83100,2,3,3,2,2
L83101,1,1,1,1,1
L83102,1,1,1,1,1
L83112,1,1,1,1,1
L83115,2,1,3,1,2
L83120,1,3,1,2,1
L83127,2,3,3,2,2
L83136,1,1,1,1,1
L83147,2,2,3,3,2
L83607,1,3,1,2,1
L83628,1,1,1,1,1
L83648,2,2,3,3,2
L83673,1,1,1,1,1
L84005,1,1,1,1,1
L84007,1,1,1,1,1
L84011,1,1,1,1,1
L84015,1,3,1,2,1
L84016,1,1,1,1,1
L84025,2,3,3,2,2
L84026,2,3,3,2,2
L84029,1,3,1,2,1
L84034,1,1,1,1,1
L84037,1,1,1,1,1
L84043,1,3,1,2,1
L84048,2,3,1,2,1
L84050,2,3,3,2,2
L84054,2,1,3,1,2
L84063,1,1,1,1,1
L84081,1,1,1,1,1
L85001,1,3,1,2,1
L85004,2,3,1,2,1
L85007,2,3,3,2,2
L85008,2,2,3,3,2
L85009,1,1,1,1,1
L85011,1,1,1,1,1
L85012,2,3,3,2,2
L85014,2,2,3,3,2
L85017,2,2,3,3,2
L85021,1,1,1,1,1
L85022,3,3,2,2,3
L85023,2,3,3,2,2
L85025,1,1,1,1,1
L85026,2,3,3,2,2
L85030,1,3,1,2,1
L85033,1,3,1,2,1
L85039,1,3,1,2,1
L85042,3,3,2,2,3
L85044,2,2,3,3,2
L85052,1,1,1,1,1
L85053,2,2,3,3,2
L85055,2,1,3,1,2
L85062,1,3,1,2,1
L85065,1,1,1,1,1
L85066,3,2,2,3,3
L85601,1,1,1,1,1
L85609,1,3,1,2,1
L85624,1,1,1,1,1
Y00155,3,2,2,3,3
Y00200,3,2,2,3,3
Y00293,1,3,1,2,1
Y00316,2,3,3,2,2
Y00351,2,2,3,3,2
Y00352,3,1,2,1,3
Y00411,1,3,1,2,1
Y00469,1,3,1,2,1
Y00507,2,3,3,2,2
Y00918,2,3,3,2,2
Y00969,1,3,1,2,1
Y01090,3,1,2,1,3
Y01127,2,2,3,3,2
Y01132,3,2,2,3,3
Y01221,1,1,1,1,1
Y01280,3,1,2,1,3
Y01281,2,1,3,1,2
Y01291,1,3,1,2,1
Y01719,1,1,1,1,1
Y01964,2,3,3,2,2
Y02342,1,3,1,2,1
Y02463,2,2,3,3,2
Y02476,2,2,3,3,2
Y02517,2,2,3,3,2
Y02519,1,3,1,2,1
Y02575,3,2,2,3,3
Y02611,3,2,2,3,3
Y02676,2,2,3,3,2
Y02842,3,1,2,1,3
Y02946,3,2,2,3,3
Y03035,3,2,2,3,3
Y03049,2,2,3,3,2
Y03052,2,2,3,3,2
Y03135,3,1,2,1,3
Y03664,2,2,3,3,2
Y03755,3,2,2,3,3
Y04266,1,1,1,1,1
Y04273,2,2,3,3,2
Y04662,1,1,1,1,1
Y05080,1,1,1,1,1
Y05248,1,1,1,1,1
Y05317,2,3,3,2,2
Y07014,3,2,2,3,3
