practice_code_standardised,profile
A81004,1
A81012,2
A81019,2
A81041,2
A81058,1
A81612,2
A81618,2
A82009,1
A82010,2
A82014,2
A82021,2
A82035,2
A82053,2
A82062,2
A82071,2
A82072,2
A83003,2
A83007,2
A83015,2
A83016,2
A83018,1
A83021,2
A83023,1
A83025,2
A83031,2
A83033,2
A83040,2
A83041,2
A83044,2
A83045,1
A83046,2
A83047,1
A83049,2
A83054,1
A83070,2
A83071,2
A83075,2
A83618,1
A83626,2
A83627,2
A83636,1
A84009,2
A84014,2
A84016,2
A84031,1
A84034,2
A85002,2
A85004,1
A85006,1
A85007,2
A85009,2
A85011,2
A85016,2
A85019,2
A85024,2
A85611,2
A85614,2
A85616,2
A86008,2
A86012,3
A86013,2
A86017,2
A86018,1
A86021,1
A86022,1
A86025,1
A86026,1
A86040,1
A87004,2
A87008,1
A87009,2
A87011,1
A87012,2
A87013,2
A87029,2
A87030,2
A87615,2
A88001,1
A88006,2
A88012,1
A88013,2
A88016,3
A88022,1
A88025,2
A88613,3
A89001,3
A89002,2
A89004,1
A89005,2
A89006,2
A89007,2
A89008,1
A89009,2
A89010,1
A89012,2
A89013,2
A89015,2
A89016,1
A89019,1
A89020,1
A89021,2
A89022,2
A89023,2
A89026,2
A89028,2
A89030,2
A89031,2
A89034,2
A89035,2
A89036,2
A89040,3
A89041,2
A89616,2
A89617,2
B81005,1
B81013,2
B81020,2
B81022,1
B81025,1
B81029,2
B81034,2
B81036,1
B81037,1
B81041,1
B81043,2
B81046,2
B81063,2
B81064,2
B81082,2
B81088,1
B81092,1
B81100,2
B81616,2
B81619,3
B81656,2
B81663,2
B82002,1
B82005,3
B82007,1
B82008,1
B82010,1
B82011,2
B82012,2
B82013,3
B82014,1
B82017,2
B82018,2
B82019,2
B82021,2
B82024,2
B82025,2
B82030,2
B82031,1
B82033,2
B82036,2
B82037,1
B82041,1
B82042,2
B82045,1
B82047,3
B82049,1
B82053,3
B82054,2
B82059,1
B82064,1
B82071,2
B82074,2
B82075,2
B82077,1
B82079,2
B82080,1
B82083,1
B82088,2
B82097,2
B82098,2
B82100,1
B82105,1
B82106,2
B82609,2
B82628,2
B83002,2
B83005,2
B83015,2
B83018,1
B83019,1
B83022,2
B83031,1
B83034,2
B83035,2
B83038,1
B83041,1
B83042,1
B83058,2
B83067,2
B83614,2
B83620,2
B83624,1
B83660,2
B84003,2
B84006,2
B84008,1
B84013,2
B84623,2
B85002,2
B85006,2
B85015,2
B85016,2
B85019,2
B85022,2
B85031,2
B85033,1
B85038,2
B85041,2
B85042,2
B85048,2
B85054,1
B85606,2
B85611,3
B85612,2
B85614,3
B85619,2
B85620,2
B85623,1
B85634,1
B85645,2
B85646,2
B86004,2
B86005,2
B86006,1
B86012,1
B86013,3
B86018,1
B86020,2
B86025,2
B86030,1
B86035,2
B86038,2
B86041,1
B86043,2
B86052,2
B86060,1
B86066,1
B86068,1
B86096,2
B86109,3
B86658,2
B86667,2
B87002,1
B87003,2
B87006,2
B87018,2
B87031,2
B87044,2
C81003,2
C81013,2
C81016,1
C81022,2
C81031,2
C81034,2
C81046,2
C81050,2
C81055,2
C81056,2
C81059,2
C81063,1
C81080,3
C81081,1
C81092,2
C81099,2
C81101,2
C81106,1
C81615,2
C81634,2
C81638,2
C81647,2
C82002,1
C82007,3
C82012,1
C82013,2
C82016,1
C82017,1
C82018,2
C82024,1
C82025,2
C82026,2
C82027,2
C82028,2
C82031,1
C82037,2
C82038,1
C82039,1
C82040,2
C82042,2
C82044,1
C82045,2
C82051,2
C82053,2
C82054,1
C82055,2
C82056,2
C82061,2
C82063,3
C82064,1
C82068,2
C82070,2
C82071,2
C82072,2
C82075,2
C82078,2
C82079,1
C82080,2
C82082,2
C82094,2
C82098,2
C82099,2
C82111,3
C82116,2
C82124,1
C82610,3
C82611,2
C82620,2
C82628,2
C82631,3
C82634,1
C82642,2
C82643,2
C82650,2
C82651,3
C82656,2
C82660,1
C82662,2
C82667,3
C82676,1
C83001,1
C83002,2
C83003,1
C83013,1
C83020,2
C83022,2
C83028,1
C83029,2
C83031,1
C83039,1
C83043,1
C83051,2
C83052,1
C83060,3
C83061,2
C83062,1
C83067,1
C83072,1
C83073,1
C83075,1
C83078,1
C83079,1
C83080,1
C83635,1
C83649,1
C83650,2
C84005,1
C84009,2
C84010,2
C84011,2
C84012,2
C84014,2
C84017,2
C84018,2
C84020,2
C84021,1
C84023,3
C84025,2
C84026,1
C84028,1
C84029,1
C84030,1
C84032,1
C84033,2
C84034,2
C84035,2
C84037,1
C84039,1
C84043,2
C84044,2
C84045,2
C84047,1
C84049,1
C84051,1
C84055,1
C84057,2
C84059,2
C84061,2
C84063,1
C84064,2
C84065,2
C84066,2
C84067,2
C84072,1
C84077,1
C84078,1
C84080,2
C84084,2
C84085,3
C84086,1
C84087,2
C84090,1
C84095,2
C84101,2
C84105,3
C84112,2
C84113,2
C84115,2
C84116,2
C84117,3
C84122,2
C84123,2
C84129,2
C84131,1
C84142,2
C84150,2
C84151,2
C84613,1
C84619,2
C84621,2
C84624,2
C84628,3
C84637,2
C84646,1
C84654,2
C84656,2
C84658,2
C84660,2
C84664,2
C84667,1
C84682,2
C84692,2
C84693,3
C84696,2
C84703,2
C84714,3
C85003,1
C85007,2
C85009,2
C85017,2
C85028,3
C85030,1
C85033,1
C86001,1
C86006,2
C86012,2
C86025,2
C86609,2
C86611,2
C86621,2
C87009,1
C87014,1
C87616,1
C88007,1
C88019,2
C88020,2
C88022,2
C88036,1
C88046,1
C88652,1
C88655,1
D81001,3
D81004,2
D81010,3
D81013,3
D81025,3
D81026,2
D81027,2
D81029,1
D81033,2
D81035,1
D81037,3
D81038,2
D81042,2
D81045,1
D81047,1
D81050,2
D81070,3
D81081,2
D81607,2
D81611,1
D81630,3
D82009,1
D82011,2
D82015,1
D82023,2
D82030,1
D82037,2
D82039,2
D82040,2
D82043,2
D82047,1
D82068,2
D82079,2
D82087,2
D82600,2
D83001,1
D83006,2
D83008,1
D83009,1
D83017,1
D83026,1
D83037,1
D83040,2
D83045,1
D83049,2
D83050,3
D83053,2
D83056,2
D83075,2
D83076,3
D83080,1
D83084,1
E81002,1
E81003,1
E81004,2
E81005,3
E81006,1
E81007,2
E81008,2
E81009,2
E81010,1
E81012,1
E81013,3
E81014,1
E81015,1
E81016,3
E81018,3
E81019,1
E81021,1
E81022,3
E81024,2
E81025,3
E81026,1
E81027,1
E81028,3
E81030,3
E81031,1
E81032,3
E81033,3
E81034,1
E81035,2
E81036,1
E81037,1
E81038,1
E81044,3
E81046,2
E81047,1
E81048,1
E81049,2
E81050,2
E81052,2
E81057,3
E81063,1
E81069,1
E81074,1
E81076,1
E81612,1
E81615,3
E81617,1
E81631,1
E81632,2
E81633,3
E82001,1
E82002,2
E82004,3
E82005,1
E82006,1
E82007,1
E82009,3
E82013,1
E82014,3
E82015,3
E82017,1
E82018,2
E82019,2
E82020,2
E82022,3
E82023,3
E82024,1
E82032,3
E82035,3
E82037,3
E82040,3
E82041,2
E82043,1
E82044,1
E82046,1
E82050,2
E82051,1
E82053,2
E82055,1
E82056,3
E82059,2
E82060,3
E82061,2
E82063,1
E82068,2
E82069,2
E82071,3
E82073,1
E82074,3
E82075,1
E82077,3
E82078,2
E82079,2
E82082,1
E82083,1
E82084,3
E82085,2
E82086,1
E82091,3
E82092,2
E82096,3
E82098,1
E82099,1
E82100,1
E82102,2
E82106,1
E82107,1
E82111,2
E82113,2
E82115,1
E82117,1
E82121,2
E82123,3
E82124,2
E82129,1
E82132,2
E82133,2
E82626,3
E82638,2
E82643,2
E82654,2
E82655,1
E82661,3
E83003,3
E83005,1
E83006,1
E83007,1
E83008,2
E83009,1
E83010,1
E83011,1
E83012,1
E83013,1
E83016,1
E83017,1
E83018,1
E83020,1
E83021,1
E83024,1
E83025,2
E83026,3
E83027,1
E83028,3
E83030,2
E83031,1
E83032,3
E83034,3
E83035,1
E83039,3
E83041,3
E83044,3
E83045,1
E83046,3
E83050,1
E83053,1
E83600,1
E83613,1
E83621,3
E83622,3
E83637,3
E83638,3
E83639,1
E83649,2
E83653,3
E83668,2
E84003,1
E84005,2
E84006,1
E84007,2
E84008,3
E84009,1
E84012,2
E84013,1
E84014,1
E84015,1
E84017,2
E84018,3
E84020,1
E84021,3
E84022,3
E84024,1
E84028,3
E84030,3
E84031,1
E84032,3
E84033,3
E84039,2
E84040,3
E84042,3
E84048,3
E84049,1
E84051,3
E84053,2
E84058,3
E84059,3
E84061,1
E84062,1
E84063,3
E84066,3
E84067,2
E84068,1
E84069,1
E84070,2
E84074,3
E84076,3
E84078,1
E84080,3
E84083,2
E84086,2
E84617,3
E84620,3
E84626,3
E84635,3
E84637,3
E84638,1
E84645,1
E84646,3
E84647,3
E84658,3
E84674,3
E84678,3
E84680,3
E84684,3
E84685,1
E84693,1
E84701,3
E84702,2
E84704,2
E85001,3
E85004,3
E85006,1
E85007,1
E85012,2
E85013,2
E85015,2
E85019,1
E85021,2
E85023,1
E85028,3
E85034,3
E85035,3
E85042,2
E85046,2
E85048,1
E85049,3
E85050,3
E85051,2
E85052,1
E85053,1
E85054,2
E85057,2
E85061,3
E85062,1
E85064,2
E85069,3
E85071,2
E85075,1
E85083,2
E85088,2
E85090,2
E85096,3
E85099,3
E85107,1
E85109,3
E85111,3
E85114,1
E85115,2
E85116,3
E85119,2
E85121,3
E85122,3
E85126,3
E85128,1
E85129,3
E85130,3
E85605,1
E85623,2
E85624,2
E85633,3
E85635,2
E85640,3
E85656,2
E85657,1
E85659,3
E85677,3
E85682,2
E85685,1
E85687,3
E85693,1
E85696,1
E85699,2
E85708,2
E85712,2
E85713,3
E85715,2
E85726,2
E85734,3
E85735,3
E85743,2
E85744,1
E85745,2
E85750,3
E86001,1
E86004,2
E86005,2
E86006,3
E86007,3
E86009,2
E86010,3
E86011,2
E86012,1
E86014,1
E86015,2
E86016,3
E86018,3
E86019,2
E86020,3
E86022,2
E86024,1
E86026,3
E86027,3
E86028,1
E86029,3
E86030,3
E86033,3
E86036,1
E86038,2
E86042,3
E86605,3
E86609,3
E86610,3
E86612,1
E86618,1
E86625,2
E86626,3
E86629,3
E86632,2
E86637,1
E86640,2
E87002,3
E87003,2
E87005,1
E87006,3
E87008,3
E87010,3
E87011,3
E87016,1
E87021,1
E87024,2
E87026,3
E87029,1
E87034,1
E87038,2
E87043,3
E87045,2
E87047,3
E87048,3
E87052,2
E87061,2
E87065,2
E87066,3
E87067,2
E87069,3
E87070,3
E87609,1
E87637,2
E87648,1
E87663,2
E87665,2
E87677,3
E87702,3
E87706,2
E87714,3
E87715,3
E87720,1
E87722,3
E87733,2
E87737,3
E87739,1
E87741,3
E87742,2
E87745,3
E87746,3
E87750,3
E87751,2
E87753,3
E87754,3
E87755,1
E87762,3
E87768,3
E87772,2
F81004,2
F81007,2
F81011,1
F81013,3
F81020,2
F81022,1
F81023,1
F81025,1
F81029,1
F81030,2
F81031,2
F81032,2
F81038,2
F81041,2
F81046,2
F81047,1
F81049,1
F81051,2
F81057,1
F81068,1
F81075,2
F81080,1
F81083,1
F81085,2
F81089,2
F81092,2
F81096,2
F81098,2
F81100,1
F81101,2
F81102,2
F81108,3
F81113,3
F81114,2
F81118,1
F81126,2
F81128,1
F81130,2
F81132,1
F81134,3
F81136,2
F81137,1
F81147,2
F81149,1
F81152,1
F81153,1
F81155,1
F81158,2
F81163,1
F81176,1
F81177,3
F81186,3
F81192,3
F81198,1
F81207,3
F81211,1
F81213,1
F81219,1
F81606,1
F81613,2
F81618,2
F81619,3
F81632,3
F81640,1
F81645,1
F81649,3
F81652,1
F81666,3
F81669,3
F81690,1
F81707,1
F81711,1
F81729,1
F81730,1
F81732,1
F81739,1
F81740,1
F81741,2
F82006,2
F82008,3
F82009,1
F82010,2
F82011,3
F82013,2
F82014,2
F82016,3
F82019,2
F82022,2
F82023,3
F82025,3
F82028,3
F82030,2
F82033,2
F82055,3
F82604,2
F82607,2
F82610,2
F82612,3
F82619,3
F82624,2
F82627,3
F82630,2
F82634,3
F82642,3
F82647,3
F82648,2
F82649,2
F82660,1
F82663,3
F82670,3
F82671,2
F82674,3
F82675,2
F82677,2
F82686,3
F83002,1
F83003,1
F83006,3
F83008,3
F83011,3
F83012,1
F83015,1
F83017,3
F83018,2
F83019,1
F83020,3
F83022,3
F83032,3
F83033,3
F83034,3
F83039,2
F83042,3
F83043,3
F83044,3
F83045,3
F83050,3
F83052,3
F83053,3
F83055,3
F83057,3
F83058,3
F83060,3
F83061,3
F83063,3
F83064,3
F83623,1
F83624,3
F83633,3
F83652,3
F83658,3
F83660,3
F83664,3
F83665,3
F83666,1
F83671,1
F83672,3
F83673,3
F83674,3
F83678,1
F83680,3
F83681,3
F83686,3
F84004,1
F84006,1
F84008,3
F84009,3
F84010,3
F84012,3
F84013,1
F84014,3
F84016,3
F84017,3
F84018,1
F84022,2
F84025,3
F84031,1
F84033,3
F84035,1
F84036,3
F84047,3
F84050,3
F84051,1
F84052,3
F84053,3
F84054,2
F84060,3
F84062,3
F84069,3
F84070,3
F84072,1
F84074,3
F84077,3
F84079,3
F84081,3
F84083,3
F84086,2
F84087,3
F84088,3
F84092,3
F84093,3
F84096,1
F84097,3
F84105,3
F84111,2
F84114,3
F84115,3
F84119,3
F84121,3
F84123,3
F84124,3
F84601,3
F84619,2
F84620,1
F84621,1
F84632,2
F84636,1
F84647,3
F84656,3
F84658,3
F84660,3
F84668,3
F84669,3
F84670,3
F84672,3
F84677,1
F84681,1
F84698,1
F84710,3
F84716,3
F84717,3
F84718,3
F84724,3
F84729,3
F84730,3
F84731,1
F84733,2
F84735,3
F84739,3
F84740,3
F84741,1
F84747,3
F85008,3
F85010,3
F85013,3
F85014,3
F85017,1
F85019,3
F85020,1
F85025,2
F85029,3
F85033,2
F85039,2
F85046,3
F85060,2
F85063,2
F85067,1
F85069,1
F85072,2
F85615,3
F85623,3
F85625,3
F85634,3
F85640,3
F85642,3
F85650,3
F85663,3
F85666,3
F85669,3
F85676,3
F85678,2
F85688,1
F85700,3
F85701,3
F85705,1
F86004,2
F86005,3
F86006,3
F86007,3
F86008,3
F86011,3
F86020,2
F86025,3
F86028,2
F86030,2
F86032,2
F86038,3
F86040,2
F86044,3
F86057,1
F86058,3
F86062,2
F86064,2
F86066,1
F86074,3
F86078,1
F86082,2
F86086,3
F86087,3
F86088,3
F86607,1
F86612,2
F86616,3
F86621,3
F86624,3
F86625,3
F86626,3
F86627,3
F86638,2
F86641,3
F86644,3
F86650,3
F86652,2
F86657,3
F86658,3
F86664,2
F86679,2
F86689,3
F86691,2
F86692,2
F86700,2
F86702,2
F86707,3
F86708,2
F86712,3
F86731,3
G81012,2
G81018,2
G81034,3
G81036,3
G81039,2
G81046,1
G81065,1
G81073,1
G81076,2
G81088,2
G81096,2
G81100,2
G81102,1
G81646,3
G81669,2
G82002,1
G82007,2
G82016,1
G82027,2
G82028,3
G82032,3
G82037,1
G82042,2
G82044,3
G82051,3
G82056,1
G82059,1
G82060,3
G82066,1
G82073,1
G82074,3
G82077,3
G82080,3
G82082,3
G82083,3
G82085,3
G82089,2
G82092,1
G82095,3
G82105,2
G82107,1
G82110,2
G82111,1
G82118,1
G82120,2
G82125,1
G82126,2
G82137,1
G82140,3
G82142,1
G82143,2
G82147,2
G82150,3
G82152,1
G82154,2
G82155,1
G82161,3
G82162,1
G82165,1
G82217,3
G82224,2
G82226,3
G82235,2
G82658,1
G82665,2
G82666,1
G82684,1
G82702,2
G82730,1
G82763,2
G82802,3
G82808,2
G83001,3
G83002,3
G83004,2
G83006,3
G83010,3
G83012,3
G83013,3
G83015,2
G83016,3
G83018,1
G83019,3
G83021,3
G83026,3
G83027,3
G83029,3
G83030,3
G83031,1
G83039,3
G83044,1
G83046,1
G83049,1
G83052,3
G83053,3
G83057,1
G83058,3
G83060,3
G83062,3
G83065,3
G83066,3
G83067,3
G83628,1
G83630,3
G83631,3
G83635,3
G83641,3
G83642,1
G83647,3
G83654,3
G83673,3
G83680,3
G84001,3
G84002,3
G84003,3
G84004,3
G84005,1
G84006,3
G84007,1
G84008,3
G84009,1
G84010,3
G84011,3
G84013,3
G84015,1
G84016,3
G84017,1
G84019,1
G84020,3
G84025,3
G84028,3
G84029,3
G84030,1
G84032,1
G84033,2
G84035,3
G84039,3
G84040,1
G84041,3
G84604,3
G84607,1
G84609,1
G84621,1
G84624,3
G84625,3
G84627,2
G84629,3
G84630,3
G85004,3
G85006,1
G85011,1
G85014,1
G85016,3
G85019,3
G85021,3
G85024,3
G85025,3
G85026,3
G85028,3
G85030,3
G85032,3
G85034,3
G85038,3
G85041,3
G85042,3
G85044,3
G85046,2
G85051,3
G85052,3
G85053,3
G85054,3
G85057,3
G85061,3
G85073,3
G85076,3
G85083,3
G85085,3
G85086,3
G85091,3
G85096,3
G85100,1
G85102,3
G85104,3
G85105,3
G85109,3
G85114,3
G85119,3
G85121,3
G85123,3
G85127,1
G85129,3
G85130,3
G85132,3
G85134,3
G85135,3
G85136,1
G85137,3
G85138,3
G85623,3
G85632,3
G85633,3
G85642,3
G85644,1
G85647,3
G85662,3
G85673,3
G85681,3
G85685,3
G85690,3
G85696,3
G85698,3
G85708,1
G85716,3
G85721,3
G85726,3
G85736,3
H81010,1
H81013,3
H81016,2
H81017,2
H81022,2
H81024,1
H81027,1
H81028,1
H81029,3
H81030,1
H81031,1
H81032,1
H81033,1
H81034,1
H81035,3
H81036,1
H81038,3
H81039,3
H81040,3
H81042,1
H81043,3
H81044,3
H81045,1
H81046,3
H81047,2
H81048,1
H81050,1
H81051,1
H81052,1
H81055,2
H81058,2
H81064,1
H81065,1
H81067,2
H81068,3
H81069,1
H81070,1
H81071,1
H81072,3
H81073,1
H81074,1
H81075,1
H81076,3
H81077,1
H81078,3
H81080,2
H81082,1
H81087,2
H81088,1
H81089,1
H81090,1
H81091,2
H81094,1
H81095,3
H81099,3
H81103,3
H81104,2
H81107,2
H81109,1
H81110,3
H81113,2
H81116,2
H81122,3
H81123,3
H81126,1
H81131,2
H81133,3
H81134,3
H81615,3
H81641,3
H81644,3
H81656,1
H81658,2
H81663,1
H81672,1
H82004,1
H82005,1
H82007,1
H82011,1
H82012,1
H82013,1
H82017,1
H82022,1
H82023,1
H82026,1
H82027,3
H82028,1
H82035,1
H82036,1
H82037,1
H82038,1
H82041,1
H82042,2
H82045,2
H82046,1
H82047,1
H82049,3
H82051,2
H82055,1
H82059,1
H82060,3
H82061,1
H82063,1
H82065,2
H82067,1
H82070,2
H82076,1
H82078,1
H82088,2
H82089,1
H82091,3
H82092,2
H82095,2
H82096,2
H82099,1
H82100,2
H82640,1
H83001,3
H83008,3
H83009,2
H83011,1
H83012,1
H83013,3
H83016,3
H83020,3
H83021,1
H83023,2
H83029,1
H83033,2
H83042,3
H83044,3
H83608,3
H83609,1
H83611,1
H83624,3
H83627,3
H83631,1
H84005,3
H84014,1
H84015,3
H84016,3
H84017,2
H84018,2
H84020,1
H84030,1
H84033,2
H84040,3
H84041,3
H84042,1
H84044,3
H84061,3
H84062,1
H84618,2
H84619,1
H84639,3
H85001,3
H85002,3
H85003,3
H85006,3
H85007,3
H85009,3
H85012,3
H85018,3
H85020,3
H85021,1
H85022,3
H85023,1
H85024,3
H85025,1
H85028,3
H85029,3
H85030,3
H85031,3
H85033,1
H85037,3
H85038,1
H85041,3
H85045,3
H85047,3
H85049,3
H85053,3
H85057,3
H85061,3
H85063,2
H85065,2
H85067,1
H85070,3
H85076,3
H85077,3
H85078,3
H85082,1
H85090,3
H85092,3
H85095,1
H85103,1
H85105,2
H85110,1
H85111,1
H85112,3
H85113,3
H85114,1
H85115,1
H85116,3
H85618,1
H85634,1
H85637,3
H85649,3
H85653,3
H85659,3
H85662,1
H85664,3
H85680,3
H85682,3
H85683,3
H85686,3
H85693,3
J81002,2
J81019,1
J81022,2
J81028,1
J81030,1
J81034,3
J81051,1
J81058,2
J81061,2
J81064,2
J81068,1
J81076,1
J81077,2
J81081,1
J81086,2
J81620,1
J81621,2
J81647,1
J82001,2
J82002,1
J82005,2
J82009,1
J82010,1
J82016,2
J82018,3
J82021,1
J82024,3
J82034,1
J82036,2
J82039,1
J82042,1
J82049,1
J82058,3
J82060,1
J82061,1
J82062,2
J82066,1
J82067,3
J82069,1
J82071,3
J82073,1
J82074,2
J82075,1
J82076,1
J82079,1
J82080,3
J82081,1
J82085,1
J82087,2
J82088,3
J82092,3
J82098,1
J82099,1
J82102,1
J82110,3
J82112,1
J82115,3
J82119,3
J82120,1
J82121,1
J82122,1
J82124,3
J82125,2
J82128,2
J82129,2
J82131,1
J82132,2
J82134,1
J82142,2
J82144,3
J82147,1
J82149,1
J82150,1
J82151,2
J82155,1
J82163,1
J82178,3
J82181,2
J82194,3
J82196,1
J82198,2
J82199,3
J82201,1
J82207,2
J82208,2
J82210,1
J82214,2
J82218,1
J82605,1
J82628,1
J82630,3
J82640,2
J82646,2
J83006,2
J83009,2
J83011,1
J83013,1
J83018,1
J83023,1
J83029,2
J83030,1
J83033,3
J83037,2
J83039,1
J83040,1
J83041,1
J83043,2
J83045,2
J83055,2
J83058,2
J83601,2
J83615,2
J83625,2
J84013,1
J84016,1
J84019,1
K81001,1
K81002,3
K81003,2
K81004,1
K81007,3
K81010,1
K81012,1
K81014,3
K81015,3
K81017,1
K81018,3
K81020,3
K81022,1
K81025,3
K81026,3
K81027,2
K81028,1
K81030,1
K81034,3
K81040,2
K81041,3
K81042,3
K81043,2
K81047,3
K81048,2
K81050,2
K81052,1
K81057,2
K81060,1
K81062,3
K81063,2
K81068,1
K81069,2
K81070,1
K81073,1
K81074,3
K81077,1
K81078,3
K81080,2
K81081,3
K81082,3
K81083,3
K81084,1
K81085,3
K81086,2
K81092,2
K81100,3
K81102,1
K81103,2
K81605,3
K81607,3
K81610,1
K81616,3
K81630,3
K81633,3
K81636,2
K81644,1
K81645,3
K81651,3
K82001,3
K82003,3
K82004,1
K82008,3
K82009,1
K82012,2
K82013,2
K82014,1
K82015,1
K82017,2
K82019,3
K82020,2
K82021,1
K82022,1
K82023,2
K82024,2
K82025,2
K82026,1
K82027,2
K82028,1
K82032,1
K82038,3
K82039,2
K82040,1
K82044,3
K82045,3
K82047,3
K82051,2
K82053,1
K82057,1
K82058,3
K82061,2
K82064,2
K82065,1
K82066,1
K82068,2
K82070,1
K82073,1
K82078,2
K82079,3
K82610,1
K82615,1
K82617,2
K82631,1
K83003,1
K83007,1
K83008,2
K83009,1
K83012,3
K83013,2
K83014,1
K83015,1
K83018,3
K83019,2
K83021,1
K83022,1
K83024,3
K83027,2
K83029,3
K83032,1
K83035,2
K83036,3
K83037,2
K83040,1
K83041,2
K83042,3
K83044,2
K83047,1
K83048,3
K83049,1
K83050,2
K83051,2
K83052,2
K83053,2
K83056,2
K83064,2
K83065,3
K83066,1
K83069,3
K83070,3
K83076,3
K83077,1
K83080,1
K83601,2
K83616,2
K83618,3
K83620,1
K83621,3
K84001,1
K84003,1
K84004,1
K84006,1
K84007,1
K84008,2
K84009,3
K84010,2
K84011,3
K84012,2
K84013,3
K84014,2
K84015,3
K84016,3
K84017,3
K84019,3
K84020,2
K84021,3
K84023,1
K84024,1
K84026,3
K84028,3
K84030,1
K84032,3
K84034,1
K84035,2
K84036,2
K84038,1
K84041,1
K84045,1
K84047,2
K84050,2
K84051,1
K84054,3
K84055,3
K84056,2
K84058,2
K84059,1
K84060,3
K84062,2
K84063,3
K84065,2
K84071,1
K84072,1
K84075,1
K84078,3
K84079,1
K84080,1
K84605,3
K84610,2
K84613,3
K84618,2
K84624,3
L81004,3
L81008,1
L81009,2
L81013,2
L81014,1
L81017,1
L81018,1
L81019,3
L81021,1
L81022,3
L81024,1
L81026,3
L81029,3
L81031,1
L81034,2
L81037,3
L81038,3
L81040,1
L81041,2
L81042,1
L81044,3
L81045,1
L81047,3
L81050,2
L81051,1
L81053,1
L81054,2
L81055,2
L81058,3
L81061,3
L81062,3
L81063,3
L81065,1
L81066,3
L81069,2
L81070,1
L81073,1
L81075,3
L81078,3
L81081,1
L81082,3
L81083,2
L81084,1
L81085,1
L81089,1
L81090,3
L81091,3
L81098,3
L81103,2
L81106,1
L81118,1
L81125,3
L81130,2
L81131,2
L81133,3
L81600,3
L81617,3
L81642,1
L81644,1
L82003,1
L82007,2
L82012,1
L82016,1
L82023,1
L82029,1
L82030,1
L82035,2
L82039,2
L82047,2
L82052,1
L82058,2
L82066,1
L82622,2
L83002,1
L83011,2
L83012,2
L83014,1
L83016,3
L83023,2
L83024,3
L83025,1
L83029,1
L83030,1
L83036,1
L83038,1
L83039,1
L83040,1
L83041,2
L83046,1
L83048,1
L83058,1
L83067,1
L83085,2
L83094,1
L83098,1
L83100,1
L83101,2
L83102,2
L83112,2
L83115,1
L83116,1
L83120,1
L83127,1
L83136,1
L83147,1
L83607,1
L83628,2
L83648,3
L83673,2
L84005,2
L84007,2
L84011,2
L84015,1
L84016,2
L84018,1
L84025,1
L84026,1
L84029,2
L84034,2
L84037,2
L84043,1
L84048,1
L84050,1
L84054,1
L84063,2
L84081,2
L85001,2
L85003,1
L85004,1
L85007,1
L85008,1
L85009,2
L85011,2
L85012,1
L85014,1
L85017,1
L85021,2
L85022,3
L85023,1
L85025,2
L85026,1
L85027,3
L85030,2
L85031,3
L85032,1
L85033,2
L85036,2
L85037,1
L85038,1
L85039,2
L85040,1
L85042,3
L85044,1
L85047,3
L85052,2
L85053,1
L85055,1
L85056,1
L85061,2
L85062,2
L85065,2
L85066,3
L85601,1
L85609,2
L85624,2
M81001,3
M81002,1
M81004,2
M81005,2
M81006,1
M81007,2
M81008,3
M81009,2
M81010,1
M81011,2
M81012,1
M81015,1
M81016,2
M81017,1
M81018,2
M81019,1
M81020,3
M81021,2
M81022,2
M81024,2
M81025,2
M81026,3
M81027,1
M81029,2
M81032,1
M81033,2
M81034,2
M81035,2
M81037,2
M81038,1
M81039,1
M81040,1
M81041,2
M81042,2
M81043,2
M81045,2
M81046,1
M81047,2
M81048,2
M81049,2
M81055,1
M81056,1
M81057,1
M81058,2
M81061,2
M81063,1
M81064,2
M81066,1
M81067,2
M81068,2
M81069,2
M81072,1
M81074,1
M81075,1
M81076,1
M81077,2
M81081,2
M81083,2
M81084,2
M81090,2
M81091,2
M81092,1
M81093,1
M81094,2
M81600,1
M81604,1
M81605,2
M81616,2
M81617,2
M81627,2
M81629,1
M82002,2
M82006,1
M82009,1
M82012,2
M82013,2
M82016,1
M82017,2
M82018,1
M82019,1
M82020,2
M82023,2
M82030,2
M82032,1
M82034,2
M82040,2
M82041,2
M82043,2
M82047,1
M82048,2
M82060,2
M83004,1
M83005,2
M83007,1
M83013,2
M83014,1
M83018,1
M83020,2
M83023,1
M83025,2
M83026,2
M83028,1
M83031,2
M83038,2
M83047,2
M83048,2
M83054,1
M83056,1
M83059,2
M83061,2
M83063,2
M83065,1
M83067,2
M83068,1
M83072,2
M83073,2
M83075,2
M83076,2
M83084,1
M83089,2
M83090,3
M83093,1
M83094,2
M83096,2
M83097,2
M83100,2
M83102,2
M83103,2
M83108,2
M83109,1
M83111,3
M83113,2
M83117,1
M83125,2
M83126,2
M83129,2
M83130,1
M83132,2
M83138,2
M83140,2
M83141,1
M83148,1
M83601,2
M83616,1
M83619,2
M83632,2
M83638,2
M83650,2
M83680,1
M83682,2
M83693,1
M83697,3
M83703,2
M83709,2
M83711,2
M83713,2
M83715,2
M83725,2
M84002,2
M84004,3
M84008,1
M84009,2
M84010,1
M84013,1
M84014,1
M84015,1
M84016,2
M84017,1
M84018,1
M84019,3
M84020,1
M84021,1
M84022,1
M84023,1
M84024,2
M84025,1
M84026,2
M84028,1
M84029,2
M84030,1
M84031,1
M84032,2
M84035,1
M84036,1
M84040,1
M84041,1
M84044,2
M84046,2
M84047,2
M84049,2
M84050,1
M84051,2
M84059,1
M84060,2
M84061,2
M84062,3
M84063,2
M84064,2
M84065,1
M84066,1
M84067,3
M84069,2
M84070,1
M84612,3
M84616,1
M84620,2
M84629,2
M85001,2
M85006,3
M85011,1
M85019,3
M85025,3
M85026,3
M85028,1
M85029,1
M85031,2
M85033,3
M85041,3
M85042,2
M85046,1
M85048,2
M85060,1
M85066,1
M85070,2
M85071,2
M85074,3
M85084,2
M85088,2
M85108,1
M85153,2
M85175,2
M85177,2
M85717,2
M85770,2
M85792,3
M86001,3
M86002,2
M86003,2
M86004,2
M86005,3
M86006,2
M86007,2
M86009,3
M86010,3
M86012,1
M86014,2
M86015,3
M86016,3
M86017,1
M86019,3
M86020,2
M86027,3
M86028,2
M86029,3
M86030,2
M86032,2
M86033,2
M86034,1
M86035,2
M86037,2
M86038,1
M86040,1
M86041,2
M86044,1
M86045,2
M86046,2
M86048,1
M86605,3
M86612,3
M86617,3
M86624,3
M86627,2
M86633,1
M86638,2
M87001,2
M87007,2
M87008,1
M87014,1
M87018,1
M87019,2
M87023,2
M87024,1
M87028,2
M87030,2
M87034,3
M87602,2
M87620,1
M87623,3
M88006,1
M88020,2
M88619,1
M88626,3
M88645,2
M88647,2
M89003,1
M89009,2
M91004,1
M91010,1
M91013,2
M91017,1
M91019,1
M91021,2
M91033,3
M91034,2
M91602,3
M91612,2
M91614,3
M91621,1
M91637,3
M91639,2
M91640,2
M91641,1
M91647,3
M91650,1
M91654,2
M92004,2
M92010,2
M92015,2
M92016,3
M92607,3
M92612,1
M92627,2
M92629,2
M92649,2
N81001,2
N81007,1
N81008,2
N81010,2
N81012,2
N81020,1
N81022,3
N81027,1
N81028,3
N81032,2
N81036,2
N81039,1
N81041,2
N81044,3
N81047,3
N81052,3
N81056,1
N81059,2
N81065,1
N81068,3
N81071,2
N81075,1
N81077,1
N81083,1
N81084,3
N81086,1
N81089,1
N81090,1
N81111,2
N81114,1
N81118,1
N81122,1
N81614,2
N81623,1
N81637,3
N81642,3
N81645,1
N82001,2
N82003,2
N82014,2
N82018,1
N82019,2
N82024,3
N82026,1
N82033,1
N82037,2
N82039,2
N82041,1
N82049,3
N82050,2
N82053,2
N82054,1
N82058,2
N82059,1
N82065,2
N82073,1
N82082,3
N82086,2
N82092,1
N82093,2
N82094,2
N82108,2
N82110,2
N82115,2
N82116,2
N82633,2
N82648,1
N82662,3
N82663,2
N82664,2
N82678,2
N84003,2
N84004,2
N84015,2
N84016,2
N84018,1
N84023,3
N84027,2
N84029,1
N84038,2
N84615,2
N85002,1
N85005,1
N85006,1
N85013,1
N85015,1
N85017,2
N85018,1
N85020,3
N85023,2
N85027,1
N85032,1
N85047,1
N85051,1
N85620,2
P81005,2
P81006,2
P81008,2
P81014,2
P81015,2
P81017,2
P81018,1
P81020,1
P81022,2
P81025,3
P81027,1
P81029,1
P81031,2
P81032,3
P81035,2
P81036,2
P81037,2
P81039,2
P81040,1
P81041,2
P81042,3
P81043,3
P81044,1
P81045,2
P81047,1
P81051,2
P81053,2
P81054,3
P81055,2
P81057,2
P81058,2
P81059,1
P81061,2
P81065,1
P81066,1
P81069,2
P81070,1
P81072,3
P81074,1
P81076,2
P81077,1
P81081,2
P81083,2
P81084,2
P81086,1
P81087,2
P81089,1
P81095,1
P81096,2
P81099,2
P81100,2
P81107,2
P81112,1
P81113,1
P81117,2
P81118,2
P81125,2
P81128,2
P81129,2
P81130,2
P81132,1
P81136,2
P81137,1
P81140,2
P81143,1
P81147,2
P81150,2
P81157,2
P81159,1
P81160,2
P81165,2
P81166,2
P81167,2
P81169,1
P81170,2
P81172,3
P81179,2
P81180,2
P81181,2
P81182,2
P81184,2
P81186,2
P81197,2
P81201,2
P81208,2
P81212,1
P81214,2
P81218,1
P81620,2
P81622,2
P81646,2
P81655,2
P81668,2
P81674,2
P81681,2
P81683,2
P81686,2
P81687,2
P81692,2
P81695,2
P81699,2
P81707,2
P81709,1
P81710,2
P81714,2
P81726,2
P81730,1
P81732,2
P81734,2
P81736,2
P81770,2
P81780,3
P82010,3
P82011,2
P82014,1
P82031,1
P82609,3
P82613,2
P82627,2
P82634,3
P82660,3
P83004,3
P83005,1
P83006,1
P83009,2
P83010,3
P83011,1
P83012,2
P83015,2
P83021,1
P83025,3
P83603,3
P83605,3
P83612,2
P83620,2
P83621,2
P84009,3
P84010,3
P84012,1
P84014,2
P84017,1
P84020,1
P84021,1
P84024,2
P84026,3
P84027,2
P84029,1
P84030,3
P84032,2
P84034,1
P84035,1
P84038,3
P84040,2
P84041,2
P84042,3
P84043,1
P84045,1
P84047,2
P84048,1
P84049,2
P84051,1
P84054,2
P84056,3
P84061,1
P84068,1
P84070,2
P84071,2
P84072,1
P84074,3
P84605,3
P84630,3
P84635,1
P84637,1
P84650,3
P84663,2
P84665,3
P84669,1
P84672,3
P84679,3
P84683,3
P84684,2
P84689,3
P85002,2
P85003,2
P85004,2
P85007,1
P85010,2
P85012,2
P85013,3
P85015,1
P85016,1
P85017,2
P85018,2
P85022,1
P85026,1
P85601,1
P85608,2
P85610,1
P85614,2
P85615,3
P85622,2
P86002,2
P86004,2
P86006,2
P86008,2
P86009,2
P86010,2
P86011,2
P86012,2
P86013,2
P86016,1
P86018,2
P86019,2
P86021,2
P86023,2
P86602,2
P86609,2
P86619,2
P86620,2
P87002,2
P87004,3
P87008,1
P87015,2
P87016,1
P87019,1
P87024,1
P87026,2
P87027,3
P87032,1
P87035,1
P87040,2
P87610,1
P87624,2
P87627,2
P87630,2
P87634,1
P87648,2
P87654,3
P87658,3
P88002,3
P88003,3
P88005,3
P88006,2
P88007,1
P88008,2
P88009,3
P88011,3
P88012,1
P88013,1
P88014,1
P88015,1
P88016,1
P88017,2
P88018,2
P88019,1
P88020,1
P88021,2
P88023,1
P88024,1
P88025,1
P88026,1
P88031,3
P88041,1
P88042,1
P88043,2
P88044,2
P88606,2
P88615,2
P88623,3
P88625,2
P88632,1
P89002,3
P89004,2
P89005,1
P89006,1
P89008,3
P89011,3
P89012,2
P89013,2
P89016,1
P89018,1
P89023,2
P89025,2
P89602,2
P89612,3
P91003,1
P91004,3
P91006,2
P91007,3
P91008,2
P91009,2
P91011,3
P91012,1
P91013,3
P91014,3
P91016,2
P91017,2
P91018,3
P91019,3
P91020,1
P91021,3
P91029,3
P91035,3
P91603,3
P91604,3
P91627,1
P91629,3
P92001,2
P92002,2
P92003,3
P92004,1
P92005,2
P92006,2
P92007,2
P92008,3
P92010,1
P92011,1
P92012,2
P92014,3
P92015,2
P92016,2
P92017,1
P92019,3
P92020,3
P92021,2
P92023,2
P92024,2
P92026,3
P92028,1
P92029,3
P92030,3
P92031,3
P92033,2
P92034,1
P92038,2
P92041,2
P92042,1
P92602,3
P92605,3
P92607,2
P92615,2
P92620,3
P92621,3
P92626,1
P92630,2
P92633,2
P92634,3
P92635,3
P92637,2
P92639,2
P92642,3
P92646,3
P92647,1
P92648,2
P92651,2
Y00020,3
Y00050,3
Y00057,3
Y00060,2
Y00140,2
Y00155,3
Y00159,1
Y00186,2
Y00200,3
Y00278,3
Y00293,2
Y00316,1
Y00351,1
Y00352,3
Y00411,2
Y00445,2
Y00469,2
Y00507,1
Y00758,1
Y00918,1
Y00969,2
Y00996,3
Y01090,3
Y01108,1
Y01127,1
Y01132,3
Y01221,2
Y01280,3
Y01281,1
Y01291,2
Y01719,2
Y01756,2
Y01922,1
Y01964,1
Y02274,2
Y02319,3
Y02322,3
Y02325,3
Y02342,2
Y02378,2
Y02463,1
Y02476,1
Y02517,1
Y02519,2
Y02520,3
Y02571,3
Y02575,3
Y02586,3
Y02611,3
Y02622,3
Y02633,1
Y02636,3
Y02657,2
Y02663,1
Y02676,1
Y02713,3
Y02718,2
Y02720,3
Y02721,2
Y02736,1
Y02753,2
Y02757,1
Y02767,2
Y02790,2
Y02795,3
Y02827,2
Y02842,3
Y02847,1
Y02849,3
Y02875,2
Y02885,3
Y02886,2
Y02890,2
Y02936,3
Y02946,3
Y02960,3
Y02973,3
Y02986,3
Y03035,3
Y03049,1
Y03052,1
Y03124,2
Y03135,3
Y03602,2
Y03663,3
Y03664,1
Y03755,3
Y04266,2
Y04273,3
Y04662,2
Y04965,3
Y04977,2
Y05080,2
Y05248,2
Y05317,1
Y05318,3
Y06345,2
Y06356,1
Y06443,2
Y07014,3
Y08371,3
