file,size_bytes,sha256
GPAP2_Digital_GP_Access_Profiles_March_2026.qgz,33570,5aa8bdb3c67a5318a1b98fc8485d79f853c98c4a7995e298297eb048a3d2218c
data/icb_profile_mapping_layer.geojson,19017931,79ceaf2f84b866cfabae22f95c825523ebe3ff100584d404a83b7afe03e71d30
scripts/build_qgis_project.py,22704,4502b67f4106c5cf0217dc0cf1b16af8d0213243e48daea1b02e0294bba13385
scripts/validate_qgis_project.py,4073,31b469553b176a69529611781043015b1a901fccd4f7410707a26a1c76753eb6
scripts/validate_qgis_runtime.py,3518,0b3c1b983a6097f5647a2a5f566340a84cdf7508a083044f2d0a719dd873687f
scripts/build_qgis_checksums.py,1583,b1e2db98de7437672236f9fb097cb9479efd6ee9bb927a7388d960e3f5f1b449
qgis_project_layer_inventory.csv,1966,403d510eaf5115a9f9bab8a0c5c13041239fb77b50dd7c2cdcc19500b9bb3f56
previews/national_three_profile_map_preview.png,392791,80bdf34fecdf5f312ed74fe582459e326b887adc38ccbad7c0d0af6e0c47f8e1
previews/assignment_caution_map_preview.png,215489,8ed40174b0505a793057717495d41697011e060a0673ad5fd695071865836157
